"안전비상벨관리번호",설치목적,설치장소유형,설치위치,소재지도로명주소,소재지지번주소,위도,경도,연계방식,경찰연계유무,경비업체연계유무,관리사무소연계유무,부가기능,안전비상벨설치년도,최종점검일자,최종점검결과구분,관리기관명,관리기관전화번호,데이터기준일자
"도봉1C1001",01,05,도봉산3길 57 바다회갯벌,서울특별시 도봉구 도봉산3길 57,,37.684728,127.0438041,03,Y,N,N,,2010,2018-12-31,Y,도봉구청,02-2091-2991,2019-06-25
"도봉1C1002",01,05,도봉로187길 10 무지개공원 입구,서울특별시 도봉구 도봉로187길 10,,37.6859609,127.0452803,03,Y,N,N,,2010,2018-12-31,Y,도봉구청,02-2091-2991,2019-06-25
"도봉1C1003",01,05,도봉로181길 29 해가온 앞,서울특별시 도봉구 도봉로181길 29,,37.68410653,127.0441865,03,Y,N,N,,2010,2018-12-31,Y,도봉구청,02-2091-2991,2019-06-25
"도봉2C1004",01,05,도봉로180길 53 극동아파트상가 뿌리부동산 앞 전주,서울특별시 도봉구 도봉로180길 53,,37.68253694,127.0489787,03,Y,N,N,,2010,2018-12-31,Y,도봉구청,02-2091-2991,2019-06-25
"도봉1C1005",01,05,도봉로181가길 29 미래마트 앞,서울특별시 도봉구 도봉로181가길 29,,37.6826291,127.0451903,03,Y,N,N,,2010,2018-12-31,Y,도봉구청,02-2091-2991,2019-06-25
"도봉1C1007",01,05,도봉로171길 70-6 사거리 앞 전주,서울특별시 도봉구 도봉로171길 70-6,,37.6789652,127.0401342,03,Y,N,N,,2010,2018-12-31,Y,도봉구청,02-2091-2991,2019-06-25
"도봉2C1008",01,05,도봉로164길 5 ABC렌터카 앞 전주,서울특별시 도봉구 도봉로164길 5,,37.6760843,127.0452175,03,Y,N,N,,2010,2018-12-31,Y,도봉구청,02-2091-2991,2019-06-25
"도봉2C1009",01,05,도봉로162길 21,서울특별시 도봉구 도봉로162길 21,,37.6748153,127.0460727,03,Y,N,N,,2010,2018-12-31,Y,도봉구청,02-2091-2991,2019-06-25
"도봉1C1010",01,05,도봉로169나길 89 한울머리터,서울특별시 도봉구 도봉로169나길 89,,37.6755702,127.0437074,03,Y,N,N,,2010,2018-12-31,Y,도봉구청,02-2091-2991,2019-06-25
"도봉1C1011",01,05,시루봉로23길 51 삼성빌라 앞,서울특별시 도봉구 시루봉로23길 51,,37.6729617,127.0408287,03,Y,N,N,,2010,2018-12-31,Y,도봉구청,02-2091-2991,2019-06-25
"도봉2C1012",01,05,도봉로160길 17 갈대밭공원 입구,서울특별시 도봉구 도봉로160길 17,,37.6742299,127.0455451,03,Y,N,N,,2010,2018-12-31,Y,도봉구청,02-2091-2991,2019-06-25
"도봉2C1013",01,05,도봉로156길 22 도봉마트,서울특별시 도봉구 도봉로156길 22,,37.6725151,127.0455217,03,Y,N,N,,2010,2018-12-31,Y,도봉구청,02-2091-2991,2019-06-25
"도봉2C1015",01,05,마들로 683 휴먼안경점,서울특별시 도봉구 마들로 683,,37.6712945,127.0462277,03,Y,N,N,,2010,2018-12-31,Y,도봉구청,02-2091-2991,2019-06-25
"도봉2C1016",01,05,도봉로154길 18 도봉중학교 후문,서울특별시 도봉구 도봉로154길 18,,37.6710777,127.0450425,03,Y,N,N,,2010,2018-12-31,Y,도봉구청,02-2091-2991,2019-06-25
"도봉1C1017",01,05,도당로27길 60 고향식당 앞,서울특별시 도봉구 도당로27길 60,,37.6700601,127.0412254,03,Y,N,N,,2010,2018-12-31,Y,도봉구청,02-2091-2991,2019-06-25
"도봉1C1018",01,05,도봉로157길 41,서울특별시 도봉구 도봉로157길 41,,37.6734006,127.0417231,03,Y,N,N,,2010,2018-12-31,Y,도봉구청,02-2091-2991,2019-06-25
"도봉1C1019",01,05,도봉로173길 122-6,서울특별시 도봉구 도봉로173길 122-6,,37.6787983,127.0373673,03,Y,N,N,,2010,2018-12-31,Y,도봉구청,02-2091-2991,2019-06-25
"도봉2C1020",01,05,도봉로156길 32 도봉왕족발보쌈 골목,서울특별시 도봉구 도봉로156길 32,,37.6725244,127.0461247,03,Y,N,N,,2010,2018-12-31,Y,도봉구청,02-2091-2991,2019-06-25
"방학2C2001",01,05,도당로19길 64 오마트 맞은편,서울특별시 도봉구 도당로19길 64,,37.669849,127.0396468,03,Y,N,N,,2018,2018-12-31,Y,도봉구청,02-2091-2991,2019-06-25
"방학1C2002",01,05,도당로27길 48 명품부동산 앞 전주,서울특별시 도봉구 도당로27길 48,,37.6694522,127.0410496,03,Y,N,N,,2018,2018-12-31,Y,도봉구청,02-2091-2991,2019-06-25
"방학2C2003",01,05,도당로19길 37 생잇들어린이공원 입구,서울특별시 도봉구 도당로19길 37,,37.6687114,127.0392523,03,Y,N,N,,2018,2018-12-31,Y,도봉구청,02-2091-2991,2019-06-25
C2004,01,05,도봉로152가길 10 방학2번출구 돼지한마리 앞,서울특별시 도봉구 도봉로152가길 10,,37.66992146,127.0443413,03,Y,N,N,,2010,2018-12-31,Y,도봉구청,02-2091-2991,2019-06-25
"방학2C2005",01,05,시루봉로22길 19 청주슈퍼 앞,서울특별시 도봉구 시루봉로22길 19,,37.6689524,127.0376498,03,Y,N,N,,2018,2018-12-31,Y,도봉구청,02-2091-2991,2019-06-25
"방학2C2006",01,05,도당로13바길 55 마을슈퍼,서울특별시 도봉구 도당로13바길 55,,37.6685982,127.0362069,03,Y,N,N,,2018,2018-12-31,Y,도봉구청,02-2091-2991,2019-06-25
"방학2C2007",01,05,시루봉로15길 33 샘말어린이공원 입구,서울특별시 도봉구 시루봉로15길 33,,37.6684275,127.0319675,03,Y,N,N,,2018,2018-12-31,Y,도봉구청,02-2091-2991,2019-06-25
"방학2C2008",01,05,시루봉로 208 SK텔레콤 앞 전주,서울특별시 도봉구 시루봉로 208,,37.6672783,127.0335761,03,Y,N,N,,2018,2018-12-31,Y,도봉구청,02-2091-2991,2019-06-25
"방학2C2009",01,05,시루봉로17길 23 한일슈퍼 앞 전주,서울특별시 도봉구 시루봉로17길 23,,37.6689042,127.0334111,03,Y,N,N,,2018,2018-12-31,Y,도봉구청,02-2091-2991,2019-06-25
"방학2C2010",01,05,시루봉로15길 83 약수수퍼앞,서울특별시 도봉구 시루봉로15길 83,,37.6688752,127.0297616,03,Y,N,N,,2018,2018-12-31,Y,도봉구청,02-2091-2991,2019-06-25
"방학2C2011",01,05,도당로17길 14 바다문고 앞,서울특별시 도봉구 도당로17길 14,,37.6670582,127.0378341,03,Y,N,N,,2018,2018-12-31,Y,도봉구청,02-2091-2991,2019-06-25
"방학1C2012",01,05,도당로29길 9 수정슈퍼,서울특별시 도봉구 도당로29길 9,,37.66769884,127.0416016,03,Y,N,N,,2018,2018-12-31,Y,도봉구청,02-2091-2991,2019-06-25
"방학1C2013",01,05,방학로2길 67 해밀인테리어 앞 전주,서울특별시 도봉구 방학로2길 67,,37.665947,127.0407932,03,Y,N,N,,2018,2018-12-31,Y,도봉구청,02-2091-2991,2019-06-25
"방학1C2014",01,05,방학로4길 71 럭키슈퍼 앞,서울특별시 도봉구 방학로4길 71,,37.6660131,127.0387328,03,Y,N,N,,2018,2018-12-31,Y,도봉구청,02-2091-2991,2019-06-25
"방학1C2015",01,05,도봉로145길 94 정주슈퍼마켓 앞 전주,서울특별시 도봉구 도봉로145길 94,,37.6652583,127.0376601,03,Y,N,N,,2018,2018-12-31,Y,도봉구청,02-2091-2991,2019-06-25
"방학1C2017",01,05,도당로13나길 108,서울특별시 도봉구 도당로13나길 108,,37.6681582,127.040139,03,Y,N,N,,2018,2018-12-31,Y,도봉구청,02-2091-2991,2019-06-25
"방학1C2018",01,05,도봉로146길 40 브라운스톤 아파트상가 옆 굴다리,서울특별시 도봉구 도봉로146길 40,,37.6640831,127.0451695,03,Y,N,N,,2018,2018-12-31,Y,도봉구청,02-2091-2991,2019-06-25
"방학1C2019",01,05,방학로3길 12-29 주택가,서울특별시 도봉구 방학로3길 12-29,,37.6621027,127.0396242,03,Y,N,N,,2018,2018-12-31,Y,도봉구청,02-2091-2991,2019-06-25
"방학1C2020",01,05,도봉로145나길 23,서울특별시 도봉구 도봉로145나길 23,,37.6655472,127.0416053,03,Y,N,N,,2018,2018-12-31,Y,도봉구청,02-2091-2991,2019-06-25
"방학1C2021",01,05,도당로29길 31 삼성부동산,서울특별시 도봉구 도당로29길 31,,37.6685898,127.0418099,03,Y,N,N,,2018,2018-12-31,Y,도봉구청,02-2091-2991,2019-06-25
"방학3C2022",01,05,시루봉로 149-15 산길두부앞,서울특별시 도봉구 시루봉로 149-15,,37.6644579,127.0278401,03,Y,N,N,,2018,2018-12-31,Y,도봉구청,02-2091-2991,2019-06-25
"방학2C2023",01,05,시루봉로 219 GS25편의점,서울특별시 도봉구 시루봉로 219,,37.6680715,127.0342652,03,Y,N,N,,2018,2018-12-31,Y,도봉구청,02-2091-2991,2019-06-25
"방학2C2024",01,05,시루봉로 245-26 신신빌라,서울특별시 도봉구 시루봉로 245-26,,37.669996,127.0364563,03,Y,N,N,,2018,2018-12-31,Y,도봉구청,02-2091-2991,2019-06-25
"방학2C2025",01,05,시루봉로15자길 14 진수암앞,서울특별시 도봉구 시루봉로15자길 14,,37.6698088,127.0308773,03,Y,N,N,,2018,2018-12-31,Y,도봉구청,02-2091-2991,2019-06-25
"방학1C2026",01,05,도봉로 145가길 12 대성냉장 앞,서울특별시 도봉구 도봉로 145가길 12,,37.6641056,127.0418245,03,Y,N,N,,2018,2018-12-31,Y,도봉구청,02-2091-2991,2019-06-25
"쌍문2C3001",01,05,방학로3길 30 한국주방 앞,서울특별시 도봉구 방학로3길 30,,37.6613663,127.0407048,03,Y,N,N,,2018,2018-12-31,Y,도봉구청,02-2091-2991,2019-06-25
"쌍문2C3002",01,05,도봉로139길 30 노해공원 입구,서울특별시 도봉구 도봉로139길 30,,37.6608634,127.0400142,03,Y,N,N,,2018,2018-12-31,Y,도봉구청,02-2091-2991,2019-06-25
C3003,01,05,도봉로143길 50 수도암 앞,서울특별시 도봉구 도봉로143길 50,,37.6618386,127.0392785,03,Y,N,N,,2010,2018-12-31,Y,도봉구청,02-2091-2991,2019-06-25
"쌍문2C3005",01,05,도봉로129길 54 창경초 후문,서울특별시 도봉구 도봉로129길 54,,37.6561144,127.0347544,03,Y,N,N,,2018,2018-12-31,Y,도봉구청,02-2091-2991,2019-06-25
"쌍문2C3006",01,05,도봉로127길 10 경일운수 정문,서울특별시 도봉구 도봉로127길 10,,37.6541769,127.0372523,03,Y,N,N,,2018,2018-12-31,Y,도봉구청,02-2091-2991,2019-06-25
"쌍문2C3007",01,05,도봉로123길 53 정의여고 후문,서울특별시 도봉구 도봉로123길 53,,37.653359,127.0339843,03,Y,N,N,,2018,2018-12-31,Y,도봉구청,02-2091-2991,2019-06-25
"쌍문4C3008",01,05,노해로55길 13 민경미용실 앞 전주,서울특별시 도봉구 노해로55길 13,,37.6517058,127.0321348,03,Y,N,N,,2018,2018-12-31,Y,도봉구청,02-2091-2991,2019-06-25
"쌍문1C3009",01,05,해등로36길 4 금강슈퍼,서울특별시 도봉구 해등로36길 4,,37.6578504,127.0152113,03,Y,N,N,,2018,2018-12-31,Y,도봉구청,02-2091-2991,2019-06-25
"쌍문1C3010",01,05,우이천로48길 67 삼익빌라,서울특별시 도봉구 우이천로48길 67,,37.6549876,127.0191896,03,Y,N,N,,2018,2018-12-31,Y,도봉구청,02-2091-2991,2019-06-25
"쌍문1C3011",01,05,우이천로48길 17 우이성당 앞,서울특별시 도봉구 우이천로48길 17,,37.6561845,127.0166307,03,Y,N,N,,2018,2018-12-31,Y,도봉구청,02-2091-2991,2019-06-25
"쌍문1C3013",01,05,시루봉로1길 76 동익 APT 2동 뒷길,서울특별시 도봉구 시루봉로1길 76,,37.6522757,127.0238829,03,Y,N,N,,2018,2018-12-31,Y,도봉구청,02-2091-2991,2019-06-25
"쌍문1C3014",01,05,우이천로38길 84 궁전하이츠빌,서울특별시 도봉구 우이천로38길 84,,37.6527863,127.0226455,03,Y,N,N,,2018,2018-12-31,Y,도봉구청,02-2091-2991,2019-06-25
"쌍문1C3015",01,05,노해로45길 47 동익효건인테리어 앞,서울특별시 도봉구 노해로45길 47,,37.6508788,127.0254798,03,Y,N,N,,2018,2018-12-31,Y,도봉구청,02-2091-2991,2019-06-25
"쌍문3C3017",01,05,도봉로117길 11 신도봉중 담장모퉁이 씨마트앞,서울특별시 도봉구 도봉로117길 11,,37.6494165,127.0342439,03,Y,N,N,,2018,2018-12-31,Y,도봉구청,02-2091-2991,2019-06-25
"쌍문2C3018",01,05,도봉로117길 51 크리넥스 종합유통 슈퍼,서울특별시 도봉구 도봉로117길 51,,37.6496335,127.0321379,03,Y,N,N,,2018,2018-12-31,Y,도봉구청,02-2091-2991,2019-06-25
C3019,01,05,도봉로 484 쌍문역 1번출구,서울특별시 도봉구 도봉로 484,,37.6485806,127.0350548,03,Y,N,N,,2010,2018-12-31,Y,도봉구청,02-2091-2991,2019-06-25
C3020,01,05,도봉로 484 쌍문역 2번출구,서울특별시 도봉구 도봉로 484,,37.6485806,127.0350548,03,Y,N,N,,2010,2018-12-31,Y,도봉구청,02-2091-2991,2019-06-25
"쌍문3C3021",01,05,도봉로113길 16 신신약국앞 전주,서울특별시 도봉구 도봉로113길 16,,37.6482352,127.0332541,03,Y,N,N,,2018,2018-12-31,Y,도봉구청,02-2091-2991,2019-06-25
"쌍문3C3022",01,05,노해로48길 47 신안빌라 주변,서울특별시 도봉구 노해로48길 47,,37.6503047,127.0309257,03,Y,N,N,,2018,2018-12-31,Y,도봉구청,02-2091-2991,2019-06-25
"쌍문3C3023",01,05,도봉로109길 62 꾼타락 앞 전주,서울특별시 도봉구 도봉로109길 62,,37.6472915,127.0300288,03,Y,N,N,,2018,2018-12-31,Y,도봉구청,02-2091-2991,2019-06-25
"쌍문3C3024",01,05,도봉로117길 88 둥근달 놀이터 앞,서울특별시 도봉구 도봉로117길 88,,37.6495447,127.0301083,03,Y,N,N,,2018,2018-12-31,Y,도봉구청,02-2091-2991,2019-06-25
"쌍문3C3025",01,05,노해로48길 13 다산빌라 앞,서울특별시 도봉구 노해로48길 13,,37.6500559,127.0291565,03,Y,N,N,,2018,2018-12-31,Y,도봉구청,02-2091-2991,2019-06-25
"쌍문3C3026",01,05,노해로44길 20 주민센터 팔각정 옆,서울특별시 도봉구 노해로44길 20,,37.6485646,127.028266,03,Y,N,N,,2018,2018-12-31,Y,도봉구청,02-2091-2991,2019-06-25
"쌍문3C3027",01,05,도봉로103길 11 CU편의점 맞은편앞,서울특별시 도봉구 도봉로103길 11,,37.6447624,127.0314702,03,Y,N,N,,2018,2018-12-31,Y,도봉구청,02-2091-2991,2019-06-25
"쌍문1C3028",01,05,우이천로39나길 11-2,서울특별시 도봉구 우이천로39나길 11-2,,37.6493829,127.0189256,03,Y,N,N,,2018,2018-12-31,Y,도봉구청,02-2091-2991,2019-06-25
"쌍문1C3029",01,05,우이천로38길 25 동성연립 옆,서울특별시 도봉구 우이천로38길 25,,37.6506436,127.0226453,03,Y,N,N,,2018,2018-12-31,Y,도봉구청,02-2091-2991,2019-06-25
"쌍문3C3030",01,05,도봉로113길 54 귀석전기열쇠,서울특별시 도봉구 도봉로113길 54,,37.648386,127.0312101,03,Y,N,N,,2018,2018-12-31,Y,도봉구청,02-2091-2991,2019-06-25
"쌍문1C3031",01,05,우이천로38라길 28 쌍문 중앙교회 앞,서울특별시 도봉구 우이천로38라길 28,,37.6528919,127.0240822,03,Y,N,N,,2018,2018-12-31,Y,도봉구청,02-2091-2991,2019-06-25
"창5C4001",01,05,도봉로140길 14 한신목재 앞,서울특별시 도봉구 도봉로140길 14,,37.660796,127.0430378,03,Y,N,N,,2018,2018-12-31,Y,도봉구청,02-2091-2991,2019-06-25
"창5C4002",01,05,노해로63다길 80 은성교회 옆 한전주,서울특별시 도봉구 노해로63다길 80,,37.6556321,127.044583,03,Y,N,N,,2018,2018-12-31,Y,도봉구청,02-2091-2991,2019-06-25
"창5C4003",01,05,도봉로126길 16 고은머리 앞,서울특별시 도봉구 도봉로126길 16,,37.6526678,127.0382657,03,Y,N,N,,2018,2018-12-31,Y,도봉구청,02-2091-2991,2019-06-25
"창5C4004",01,05,해등로14길 8 삼호맨션,서울특별시 도봉구 해등로14길 8,,37.6548019,127.0413139,03,Y,N,N,,2018,2018-12-31,Y,도봉구청,02-2091-2991,2019-06-25
"창5C4005",01,05,해등로 133-23 오토프라자 앞,서울특별시 도봉구 해등로 133-23,,37.6552800,127.0399422,03,Y,N,N,,2018,2018-12-31,Y,도봉구청,02-2091-2991,2019-06-25
"창5C4007",01,05,마들로11길 77 창동역 2번 출구 오른쪽통로 천장,서울특별시 도봉구 마들로11길 77,,37.6531856,127.0481139,03,Y,N,N,,2018,2018-12-31,Y,도봉구청,02-2091-2991,2019-06-25
"창5C4008",01,05,노해로63나길 17 삼양빌라2동옆,서울특별시 도봉구 노해로63나길 17,,37.6539492,127.0440527,03,Y,N,N,,2018,2018-12-31,Y,도봉구청,02-2091-2991,2019-06-25
"창5C4009",01,05,마들로11길 77 창동역 1번출구 계단 오른쪽 옆,서울특별시 도봉구 마들로11길 77,,37.6531856,127.0481139,03,Y,N,N,,2018,2018-12-31,Y,도봉구청,02-2091-2991,2019-06-25
"창5C4010",01,05,마들로11길 77 창동역 2번출구 계단 앞,서울특별시 도봉구 마들로11길 77,,37.6531856,127.0481139,03,Y,N,N,,2018,2018-12-31,Y,도봉구청,02-2091-2991,2019-06-25
"창5C4011",01,05,마들로11가길 12 맞은편(창동역 1번출구 왼쪽 창동문화마당 옆),서울특별시 도봉구 마들로11가길 12,,37.6527747,127.0487889,03,Y,N,N,,2018,2018-12-31,Y,도봉구청,02-2091-2991,2019-06-25
"창5C4012",01,05,"노해로65길 14-3 창동이마트 뒷편,종로프라자약국",서울특별시 도봉구 노해로65길 14-3,,37.6520293,127.0467461,03,Y,N,N,,2018,2018-12-31,Y,도봉구청,02-2091-2991,2019-06-25
"창1C4013",01,05,도봉로120길 16 영광교회 앞,서울특별시 도봉구 도봉로120길 16,,37.6502254,127.0374144,03,Y,N,N,,2016,2018-12-31,Y,도봉구청,02-2091-2991,2019-06-25
"창1C4014",01,05,도봉로118길 15 창문어린이집 앞,서울특별시 도봉구 도봉로118길 15,,37.6489957,127.0361237,03,Y,N,N,,2016,2018-12-31,Y,도봉구청,02-2091-2991,2019-06-25
"창1C4015",01,05,도봉로110나길 54-5 창동 하이빌,서울특별시 도봉구 도봉로110나길 54-5,,37.648506,127.0359544,03,Y,N,N,,2016,2018-12-31,Y,도봉구청,02-2091-2991,2019-06-25
"창1C4016",01,05,노해로62길 51-10 금성파크빌1동앞,서울특별시 도봉구 노해로62길 51-10,,37.6488007,127.0385059,03,Y,N,N,,2016,2018-12-31,Y,도봉구청,02-2091-2991,2019-06-25
"창1C4017",01,05,도봉로110바길 29 굿모닝 부동산,서울특별시 도봉구 도봉로110바길 29,,37.6476113,127.0371671,03,Y,N,N,,2016,2018-12-31,Y,도봉구청,02-2091-2991,2019-06-25
"창1C4018",01,05,도봉로112길 31 헤어뱅크,서울특별시 도봉구 도봉로112길 31,,37.646933,127.0364212,03,Y,N,N,,2016,2018-12-31,Y,도봉구청,02-2091-2991,2019-06-25
"창2C4019",01,05,도봉로104길 104 해바라기 빌라 모퉁이,서울특별시 도봉구 도봉로104길 104,,37.6437369,127.0377236,03,Y,N,N,,2018,2018-12-31,Y,도봉구청,02-2091-2991,2019-06-25
"창2C4020",01,05,도봉로106길 59 세븐일레븐 편의점앞,서울특별시 도봉구 도봉로106길 59,,37.6448751,127.0359843,03,Y,N,N,,2018,2018-12-31,Y,도봉구청,02-2091-2991,2019-06-25
"창2C4021",01,05,도봉로108길 91 대성수퍼앞,서울특별시 도봉구 도봉로108길 91,,37.6458467,127.0390041,03,Y,N,N,,2018,2018-12-31,Y,도봉구청,02-2091-2991,2019-06-25
"창2C4022",01,05,도봉로104길 142 창고개어린이공원 입구 천사슈퍼,서울특별시 도봉구 도봉로104길 142,,37.6445332,127.0395853,03,Y,N,N,,2018,2018-12-31,Y,도봉구청,02-2091-2991,2019-06-25
"창2C4023",01,05,덕릉로63가길 18 수현공판장 앞,서울특별시 도봉구 덕릉로63가길 18,,37.643659,127.0393371,03,Y,N,N,,2018,2018-12-31,Y,도봉구청,02-2091-2991,2019-06-25
"창2C4024",01,05,덕릉로61길 26 성원하이츠,서울특별시 도봉구 덕릉로61길 26,,37.6416914,127.039027,03,Y,N,N,,2018,2018-12-31,Y,도봉구청,02-2091-2991,2019-06-25
"창2C4025",01,05,덕릉로59차길 24 대동건축 인테리어앞,서울특별시 도봉구 덕릉로59차길 24,,37.6407796,127.0353891,03,Y,N,N,,2018,2018-12-31,Y,도봉구청,02-2091-2991,2019-06-25
"창3C4026",01,05,덕릉로60나길 16 신창어린이공원 앞,서울특별시 도봉구 덕릉로60나길 16,,37.6397429,127.0408548,03,Y,N,N,,2014,2018-12-31,Y,도봉구청,02-2091-2991,2019-06-25
"창3C4027",01,05,덕릉로60길 9 삼대냉면 앞 전주,서울특별시 도봉구 덕릉로60길 9,,37.6397547,127.0400887,03,Y,N,N,,2014,2018-12-31,Y,도봉구청,02-2091-2991,2019-06-25
"창3C4028",01,05,덕릉로60아길 14 초안산식당 앞 전주,서울특별시 도봉구 덕릉로60아길 14,,37.638353,127.0417916,03,Y,N,N,,2014,2018-12-31,Y,도봉구청,02-2091-2991,2019-06-25
"창3C4030",01,05,우이천로4다길 32 국제트랜스앞 전주,서울특별시 도봉구 우이천로4다길 32,,37.6352697,127.0405724,03,Y,N,N,,2014,2018-12-31,Y,도봉구청,02-2091-2991,2019-06-25
"창1C4031",01,05,덕릉로53길 35 유성페인트 앞,서울특별시 도봉구 덕릉로53길 35,,37.6387655,127.035576,03,Y,N,N,,2016,2018-12-31,Y,도봉구청,02-2091-2991,2019-06-25
"창3C4032",01,05,덕릉로54길 23 바다횟집앞,서울특별시 도봉구 덕릉로54길 23,,37.6372063,127.0385115,03,Y,N,N,,2014,2018-12-31,Y,도봉구청,02-2091-2991,2019-06-25
"창3C4033",01,05,덕릉로60길 150 미진한우마을,서울특별시 도봉구 덕릉로60길 150,,37.6339313,127.0428579,03,Y,N,N,,2014,2018-12-31,Y,도봉구청,02-2091-2991,2019-06-25
"창1C4034",01,05,덕릉로 376 녹천역 1번출구 정류장 의자옆,서울특별시 도봉구 덕릉로 376,,37.64569681,127.0509216,03,Y,N,N,,2016,2018-12-31,Y,도봉구청,02-2091-2991,2019-06-25
"창3C4035",01,05,우이천로4길 24 농협사거리 전주,서울특별시 도봉구 우이천로4길 24,,37.6335953,127.0408704,03,Y,N,N,,2014,2018-12-31,Y,도봉구청,02-2091-2991,2019-06-25
"창5C4036",01,05,마들로11길 77 창동역 1번출구 오른쪽 농구장 앞,서울특별시 도봉구 마들로11길 77,,37.6531856,127.0481139,03,Y,N,N,,2018,2018-12-31,Y,도봉구청,02-2091-2991,2019-06-25
"창5C4037",01,05,도봉로134길 13 하나님의 교회,서울특별시 도봉구 도봉로134길 13,,37.6574111,127.040954,03,Y,N,N,,2018,2018-12-31,Y,도봉구청,02-2091-2991,2019-06-25
"창1C4038",01,05,노해로66길 60 창동레미안 111동 입구,서울특별시 도봉구 노해로66길 60,,37.6488018,127.0465188,03,Y,N,N,,2016,2018-12-31,Y,도봉구청,02-2091-2991,2019-06-25
"창2C4039",01,05,도봉로110아길 18 보헤미안 미용실,서울특별시 도봉구 도봉로110아길 18,,37.6454582,127.0374363,03,Y,N,N,,2018,2018-12-31,Y,도봉구청,02-2091-2991,2019-06-25
"창2C4040",01,05,덕릉로62길 112 부림맨션 가동 옆,서울특별시 도봉구 덕릉로62길 112,,37.6370547,127.0425776,03,Y,N,N,,2018,2018-12-31,Y,도봉구청,02-2091-2991,2019-06-25
"창5C4041",01,05,마들로11길 77 창동역 2번 출구 자전거보관소,서울특별시 도봉구 마들로11길 77,,37.6531856,127.0481139,03,Y,N,N,,2018,2018-12-31,Y,도봉구청,02-2091-2991,2019-06-25
"도봉1C1062",01,05,도봉산3길 79,서울특별시 도봉구 도봉산3길 79,,37.6837845,127.0436733,03,Y,N,N,,2010,2018-12-31,Y,도봉구청,02-2091-2991,2019-06-25
"도봉1C1063",01,05,시루봉로23가길 11-2,서울특별시 도봉구 시루봉로23가길 11-2,,37.6721919,127.0392312,03,Y,N,N,,2010,2018-12-31,Y,도봉구청,02-2091-2991,2019-06-25
"도봉1C1064",01,05,도봉로173가길 18-1,서울특별시 도봉구 도봉로173가길 18-1,,37.6800142,127.0399557,03,Y,N,N,,2010,2018-12-31,Y,도봉구청,02-2091-2991,2019-06-25
"도봉1C1065",01,05,도봉로 851,서울특별시 도봉구 도봉로 851,,37.6803978,127.0450051,03,Y,N,N,,2010,2018-12-31,Y,도봉구청,02-2091-2991,2019-06-25
"도봉1C1068",01,05,도봉로 883-10,서울특별시 도봉구 도봉로 883-10,,37.6833254,127.0451655,03,Y,N,N,,2010,2018-12-31,Y,도봉구청,02-2091-2991,2019-06-25
"도봉1C1069",01,05,도봉로175길 17,서울특별시 도봉구 도봉로175길 17,,37.682645,127.0424862,03,Y,N,N,,2010,2018-12-31,Y,도봉구청,02-2091-2991,2019-06-25
"도봉1C1070",01,05,도봉로167길 55,서울특별시 도봉구 도봉로167길 55,,37.677674,127.0418189,03,Y,N,N,,2010,2018-12-31,Y,도봉구청,02-2091-2991,2019-06-25
"도봉1C1071",01,05,도봉로169나길 56,서울특별시 도봉구 도봉로169나길 56,,37.677198,127.0435584,03,Y,N,N,,2010,2018-12-31,Y,도봉구청,02-2091-2991,2019-06-25
"도봉1C1075",01,05,도당로19길 78,서울특별시 도봉구 도당로19길 78,,37.6704614,127.039826,03,Y,N,N,,2010,2018-12-31,Y,도봉구청,02-2091-2991,2019-06-25
"도봉1C1076",01,05,시루봉로23나길18(도봉맨션 앞 삼거리),서울특별시 도봉구 시루봉로23나길18,,37.6732009,127.0403166,03,Y,N,N,,2010,2018-12-31,Y,도봉구청,02-2091-2991,2019-06-25
"도봉1C1077",01,05,도당로31길 70,서울특별시 도봉구 도당로31길 70,,37.6702283,127.0429722,03,Y,N,N,,2010,2018-12-31,Y,도봉구청,02-2091-2991,2019-06-25
"도봉1C1078",01,05,도봉로181길 13,서울특별시 도봉구 도봉로181길 13,,37.6838352,127.0451511,03,Y,N,N,,2010,2018-12-31,Y,도봉구청,02-2091-2991,2019-06-25
"도봉1C1079",01,05,도봉로173다길 42-18,서울특별시 도봉구 도봉로173다길 42-18,,37.6791892,127.0356992,03,Y,N,N,,2010,2018-12-31,Y,도봉구청,02-2091-2991,2019-06-25
"도봉1C1080",01,05,도당로29길 83,서울특별시 도봉구 도당로29길 83,,37.6709524,127.0422567,03,Y,N,N,,2010,2018-12-31,Y,도봉구청,02-2091-2991,2019-06-25
"도봉1C1081",01,05,도봉로 783,서울특별시 도봉구 도봉로 783,,37.674434,127.0440507,03,Y,N,N,,2010,2018-12-31,Y,도봉구청,02-2091-2991,2019-06-25
"도봉1C1082",01,05,도봉로169길 57(대성슈퍼 앞),서울특별시 도봉구 도봉로169길 57,,37.679079,127.0427429,03,Y,N,N,,2010,2018-12-31,Y,도봉구청,02-2091-2991,2019-06-25
"도봉1C1083",01,05,도봉로159길 19(도봉고시텔 앞),서울특별시 도봉구 도봉로159길 19,,37.6742605,127.0430928,03,Y,N,N,,2010,2018-12-31,Y,도봉구청,02-2091-2991,2019-06-25
"도봉1C1085",01,05,도봉로169나길 42-3,서울특별시 도봉구 도봉로169나길 42-3,,37.6776695,127.0433675,03,Y,N,N,,2010,2018-12-31,Y,도봉구청,02-2091-2991,2019-06-25
"도봉1C1086",01,05,도봉로187길 63,서울특별시 도봉구 도봉로187길 63,,37.6860889,127.0423943,03,Y,N,N,,2010,2018-12-31,Y,도봉구청,02-2091-2991,2019-06-25
"도봉1C1021",01,05,도봉로 181나길 16 상평드림빌 상평드림빌,서울특별시 도봉구 도봉로 181나길 16,,37.683413,127.0444094,03,Y,N,N,,2010,2018-12-31,Y,도봉구청,02-2091-2991,2019-06-25
"도봉1C1023",01,05,도봉로 169다길 20 블루빌A,서울특별시 도봉구 도봉로 169다길 20,,37.6772989,127.0430039,03,Y,N,N,,2010,2018-12-31,Y,도봉구청,02-2091-2991,2019-06-25
"도봉1C1025",01,05,도봉로 155길 24 비어뱅크 앞,서울특별시 도봉구 도봉로 155길 24,,37.6730126,127.0426474,03,Y,N,N,,2010,2018-12-31,Y,도봉구청,02-2091-2991,2019-06-25
"도봉1C1026",01,05,도봉로 153길 20 행복농산물 앞,서울특별시 도봉구 도봉로 153길 20,,37.669979,127.0423384,03,Y,N,N,,2010,2018-12-31,Y,도봉구청,02-2091-2991,2019-06-25
"도봉1C1028",01,05,도봉산4길 28-24,서울특별시 도봉구 도봉산4길 28-24,,37.6886719,127.0438124,03,Y,N,N,,2010,2018-12-31,Y,도봉구청,02-2091-2991,2019-06-25
"도봉1C1029",01,05,도봉산4길 28-3 도봉동 새마을회관 뒤편,서울특별시 도봉구 도봉산4길 28-3,,37.6888571,127.0426547,03,Y,N,N,,2010,2018-12-31,Y,도봉구청,02-2091-2991,2019-06-25
"도봉1C1030",01,05,도봉산4길 27 어미정 식당 앞,서울특별시 도봉구 도봉산4길 27,,37.6886175,127.0421056,03,Y,N,N,,2010,2018-12-31,Y,도봉구청,02-2091-2991,2019-06-25
"도봉1C1032",01,05,도봉산4길 3-28 남원추어탕식당 앞,서울특별시 도봉구 도봉산4길 3-28,,37.6879416,127.0412004,03,Y,N,N,,2010,2018-12-31,Y,도봉구청,02-2091-2991,2019-06-25
"도봉1C1033",01,05,도봉산4길 19 도봉산 손짜장 앞,서울특별시 도봉구 도봉산4길 19,,37.6882488,127.0420842,03,Y,N,N,,2010,2018-12-31,Y,도봉구청,02-2091-2991,2019-06-25
"도봉1C1034",01,05,도봉산4길 5 마무트 아웃도어 옷가게 앞,서울특별시 도봉구 도봉산4길 5,,37.6876101,127.0419893,03,Y,N,N,,2010,2018-12-31,Y,도봉구청,02-2091-2991,2019-06-25
"도봉1C1035",01,05,도봉산4길 4-15 참숯생오리식당,서울특별시 도봉구 도봉산4길 4-15,,37.68766396,127.0431773,03,Y,N,N,,2010,2018-12-31,Y,도봉구청,02-2091-2991,2019-06-25
"도봉1C1036",01,05,도봉산4나길 19 통나무음식점 앞,서울특별시 도봉구 도봉산4나길 19,,37.6883629,127.0434853,03,Y,N,N,,2010,2018-12-31,Y,도봉구청,02-2091-2991,2019-06-25
"도봉1C1037",01,05,도봉로 795-10 세울센스빌,서울특별시 도봉구 도봉로 795-10,,37.6756712,127.0441629,03,Y,N,N,,2010,2018-12-31,Y,도봉구청,02-2091-2991,2019-06-25
"도봉1C1038",01,05,시루봉로29길 16 도성교회,서울특별시 도봉구 시루봉로29길 16,,37.6719803,127.0433521,03,Y,N,N,,2010,2018-12-31,Y,도봉구청,02-2091-2991,2019-06-25
"도봉1C1039",01,05,도봉로169길 265 세일교 앞 무수골마을입구,서울특별시 도봉구 도봉로169길 265,,37.6761955,127.032337,03,Y,N,N,,2010,2018-12-31,Y,도봉구청,02-2091-2991,2019-06-25
"도봉1C1040",01,05,도봉산 3길 78-35,서울특별시 도봉구 도봉산 3길 78-35,,37.6845911,127.0422469,03,Y,N,N,,2010,2018-12-31,Y,도봉구청,02-2091-2991,2019-06-25
"도봉1C1042",01,05,도봉로173길40-10,서울특별시 도봉구 도봉로173길 40-10,,37.6799976,127.0413514,03,Y,N,N,,2010,2018-12-31,Y,도봉구청,02-2091-2991,2019-06-25
"도봉1C1043",01,05,도봉로177길88,서울특별시 도봉구 도봉로177길 88,,37.6839208,127.0425877,03,Y,N,N,,2010,2018-12-31,Y,도봉구청,02-2091-2991,2019-06-25
"도봉1C1044",01,05,도봉로152가길224,서울특별시 도봉구 도봉로152가길 224,,37.6794867,127.0457918,03,Y,N,N,,2010,2018-12-31,Y,도봉구청,02-2091-2991,2019-06-25
"도봉1C1045",01,05,마들로 28길 93,서울특별시 도봉구 마들로 28길 93,,37.6761134,127.0487121,03,Y,N,N,,2010,2018-12-31,Y,도봉구청,02-2091-2991,2019-06-25
"도봉1C1046",01,05,도봉로 961,서울특별시 도봉구 도봉로 961,,37.6900054,127.0432522,03,Y,N,N,,2010,2018-12-31,Y,도봉구청,02-2091-2991,2019-06-25
"도봉1C1047",01,05,도봉로 191길 100-40,서울특별시 도봉구 도봉로 191길 100-40,,37.68922879,127.0411375,03,Y,N,N,,2010,2018-12-31,Y,도봉구청,02-2091-2991,2019-06-25
"도봉1C1048",01,05,도봉산4길 45-12,서울특별시 도봉구 도봉산4길 45-12,,37.68914219,127.0414503,03,Y,N,N,,2010,2018-12-31,Y,도봉구청,02-2091-2991,2019-06-25
"도봉1C1049",01,05,도봉로191길 93,서울특별시 도봉구 도봉로191길 93,,37.68976578,127.0411196,03,Y,N,N,,2010,2018-12-31,Y,도봉구청,02-2091-2991,2019-06-25
"도봉1C1050",01,05,도봉로191길 88-94,서울특별시 도봉구 도봉로191길 88-94,,37.6896828,127.0388265,03,Y,N,N,,2010,2018-12-31,Y,도봉구청,02-2091-2991,2019-06-25
"도봉1C1051",01,05,도봉로191길 73,서울특별시 도봉구 도봉로191길 73,,37.690346,127.0413668,03,Y,N,N,,2010,2018-12-31,Y,도봉구청,02-2091-2991,2019-06-25
"도봉1C1053",01,05,도봉로191길 58,서울특별시 도봉구 도봉로191길 58,,37.690935,127.0420077,03,Y,N,N,,2010,2018-12-31,Y,도봉구청,02-2091-2991,2019-06-25
"도봉1C1055",01,05,도봉로177가길 9-3,서울특별시 도봉구 도봉로177가길 9-3,,37.6813607,127.0442203,03,Y,N,N,,2010,2018-12-31,Y,도봉구청,02-2091-2991,2019-06-25
"도봉1C1057",01,05,도봉로180가길 96,서울특별시 도봉구 도봉로180가길 96,,37.6877512,127.0465068,03,Y,N,N,,2010,2018-12-31,Y,도봉구청,02-2091-2991,2019-06-25
"도봉1C1087",01,05,도봉로 185길 11(성원맨션),서울특별시 도봉구 도봉로 185길 11,,37.6853126,127.0445596,03,Y,N,N,,2010,2018-12-31,Y,도봉구청,02-2091-2991,2019-06-25
"도봉1C1088",01,05,도봉로 181길 33-15(동일맨션 상성퍼스트빌 사이),서울특별시 도봉구 도봉로 181길 33-15,,37.6834774,127.0440253,03,Y,N,N,,2010,2018-12-31,Y,도봉구청,02-2091-2991,2019-06-25
"도봉1C1090",01,05,도봉로 169가길 33(산울교회 삼거리),서울특별시 도봉구 도봉로 169가길 33,,37.6813005,127.0430239,03,Y,N,N,,2010,2018-12-31,Y,도봉구청,02-2091-2991,2019-06-25
"도봉1C1091",01,05,도봉로163길 28(현일빌라 앞),서울특별시 도봉구 도봉로163길 28,,37.6762147,127.0431867,03,Y,N,N,,2010,2018-12-31,Y,도봉구청,02-2091-2991,2019-06-25
"도봉1C1094",01,05,도봉산4나길 41(새동네마트에서 백운대교회 사잇길),서울특별시 도봉구 도봉산4나길 41,,37.6886402,127.0442437,03,Y,N,N,,2010,2018-12-31,Y,도봉구청,02-2091-2991,2019-06-25
"도봉1C1095",01,05,시루봉로23길 105(공영주차장 사이),서울특별시 도봉구 시루봉로23길 105,,37.6748700,127.0426995,03,Y,N,N,,2010,2018-12-31,Y,도봉구청,02-2091-2991,2019-06-25
"도봉1C1096",01,05,도봉로157길 20(도봉슈퍼 사거리),서울특별시 도봉구 도봉로157길 20,,37.6735612,127.0429646,03,Y,N,N,,2010,2018-12-31,Y,도봉구청,02-2091-2991,2019-06-25
"도봉2C1059",01,05,도봉로180길 6-23,서울특별시 도봉구 도봉로180길 6-23,,37.68192507,127.0470103,03,Y,N,N,,2010,2018-12-31,Y,도봉구청,02-2091-2991,2019-06-25
"도봉2C1060",01,05,도봉로164길 34,서울특별시 도봉구 도봉로164길 34,,37.6754325,127.0465091,03,Y,N,N,,2010,2018-12-31,Y,도봉구청,02-2091-2991,2019-06-25
"도봉2C1061",01,05,도봉로164길 26-20,서울특별시 도봉구 도봉로164길 26-20,,37.67530144,127.0461038,03,Y,N,N,,2010,2018-12-31,Y,도봉구청,02-2091-2991,2019-06-25
"도봉2C1066",01,05,도봉로168길 6,서울특별시 도봉구 도봉로168길 6,,37.6777316,127.0454719,03,Y,N,N,,2010,2018-12-31,Y,도봉구청,02-2091-2991,2019-06-25
"도봉2C1067",01,05,마들로 916,서울특별시 도봉구 마들로 916,,37.6892727,127.0475814,03,Y,N,N,,2010,2018-12-31,Y,도봉구청,02-2091-2991,2019-06-25
"도봉2C1072",01,05,마들로766,서울특별시 도봉구 마들로766,,37.6781646,127.0494341,03,Y,N,N,,2010,2018-12-31,Y,도봉구청,02-2091-2991,2019-06-25
"도봉2C1073",01,05,마들로699,서울특별시 도봉구 마들로699,,37.6726942,127.0463866,03,Y,N,N,,2010,2018-12-31,Y,도봉구청,02-2091-2991,2019-06-25
"도봉2C1074",01,05,도봉로160길 5,서울특별시 도봉구 도봉로160길 5,,37.674296,127.0449231,03,Y,N,N,,2010,2018-12-31,Y,도봉구청,02-2091-2991,2019-06-25
"도봉2C1084",01,05,도봉로168길 13(경민빌딩 앞),서울특별시 도봉구 도봉로168길 13,,37.6781511,127.0455391,03,Y,N,N,,2010,2018-12-31,Y,도봉구청,02-2091-2991,2019-06-25
"도봉2C1027",01,05,마들로 28길 10 서원아파트 111동 앞,서울특별시 도봉구 마들로 28길 10,,37.6729209,127.0472441,03,Y,N,N,,2010,2018-12-31,Y,도봉구청,02-2091-2991,2019-06-25
"도봉2C1056",01,05,도봉로154길 6-13,서울특별시 도봉구 도봉로154길 6-13,,37.6705656,127.0445605,03,Y,N,N,,2010,2018-12-31,Y,도봉구청,02-2091-2991,2019-06-25
"도봉2C1058",01,05,도봉로180길 9,서울특별시 도봉구 도봉로180길 9,,37.6837042,127.046774,03,Y,N,N,,2010,2018-12-31,Y,도봉구청,02-2091-2991,2019-06-25
"도봉2C1092",01,05,마들로 684-19(서원아파트 116동 옆),서울특별시 도봉구 마들로 684-19,,37.67521387,127.0487653,03,Y,N,N,,2018,2018-12-31,Y,도봉구청,02-2091-2991,2019-06-25
"도봉2C1093",01,05,마들로 28나길 20,서울특별시 도봉구 마들로 28나길 20,,37.67223412,127.0470586,03,Y,N,N,,2018,2018-12-31,Y,도봉구청,02-2091-2991,2019-06-25
"도봉2C1097",01,05,마들로28길 39,서울특별시 도봉구 마들로28길 39,,37.6741119,127.0478943,03,Y,N,N,,2018,2018-12-31,Y,도봉구청,02-2091-2991,2019-06-25
"도봉2C1098",01,05,도봉로170길 2,서울특별시 도봉구 도봉로170길 2,,37.6803234,127.045755,03,Y,N,N,,2018,2018-12-31,Y,도봉구청,02-2091-2991,2019-06-25
"도봉2C1099",01,05,도봉로164길 33-34,서울특별시 도봉구 도봉로164길 33-34,,37.6760124,127.0471411,03,Y,N,N,,2018,2018-12-31,Y,도봉구청,02-2091-2991,2019-06-25
"방학1C2073",01,05,방학로6길 26,서울특별시 도봉구 방학로6길 26,,37.6640563,127.0371089,03,Y,N,N,,2016,2018-12-31,Y,도봉구청,02-2091-2991,2019-06-25
"방학1C2074",01,05,방학로 130-30,서울특별시 도봉구 방학로 130-30,,37.6642775,127.0378201,03,Y,N,N,,2016,2018-12-31,Y,도봉구청,02-2091-2991,2019-06-25
"방학1C2078",01,05,도당로 37(한국SGI 주차장 진입 사거리),서울특별시 도봉구 도당로 37,,37.6615026,127.0337599815,03,Y,N,N,,2016,2018-12-31,Y,도봉구청,02-2091-2991,2019-06-25
"방학1C2079",01,05,방학로6가길 11,서울특별시 도봉구 방학로6가길 11,,37.6647897,127.0369883,03,Y,N,N,,2016,2018-12-31,Y,도봉구청,02-2091-2991,2019-06-25
"방학1C2084",01,05,마들로18길 19,서울특별시 도봉구 마들로18길 19,,37.6618792,127.0478454,03,Y,N,N,,2016,2018-12-31,Y,도봉구청,02-2091-2991,2019-06-25
"방학1C2085",01,05,"마들로 646(삼성래미안 105동 입구, 중랑천변 방향)",서울특별시 도봉구 마들로 646,,37.6668979,127.0473902,03,Y,N,N,,2016,2018-12-31,Y,도봉구청,02-2091-2991,2019-06-25
"방학1C2027",01,05,방학로 2길 34 티월드 앞,서울특별시 도봉구 방학로 2길 34,,37.6644855,127.0410194,03,Y,N,N,,2018,2018-12-31,Y,도봉구청,02-2091-2991,2019-06-25
"방학1C2028",01,05,방학로 4길 48 뚜레쥬르,서울특별시 도봉구 방학로 4길 48,,37.6650404,127.0393336,03,Y,N,N,,2014,2018-12-31,Y,도봉구청,02-2091-2991,2019-06-25
"방학1C2029",01,05,방학로 8길 22 청기와빌라 앞,서울특별시 도봉구 방학로 8길 22,,37.6636925,127.0360255,03,Y,N,N,,2014,2018-12-31,Y,도봉구청,02-2091-2991,2019-06-25
"방학1C2030",01,05,도봉로 146길 36 이수마트 맞은편,서울특별시 도봉구 도봉로 146길 36,,37.6634767,127.0450526,03,Y,N,N,,2014,2018-12-31,Y,도봉구청,02-2091-2991,2019-06-25
"방학1C2031",01,05,도봉로 150라길 13 자전거 보관대,서울특별시 도봉구 도봉로 150라길 13,,37.6654014,127.044731,03,Y,N,N,,2014,2018-12-31,Y,도봉구청,02-2091-2991,2019-06-25
"방학1C2048",01,05,도봉로150다길 42 자건거보관대 옆,서울특별시 도봉구 도봉로150다길 42,,37.6677995,127.0446753,03,Y,N,N,,2014,2018-12-31,Y,도봉구청,02-2091-2991,2019-06-25
"방학1C2056",01,05,도봉로700-11,서울특별시 도봉구 도봉로700-11,,37.6670021,127.0440134,03,Y,N,N,,2016,2018-12-31,Y,도봉구청,02-2091-2991,2019-06-25
"방학1C2057",01,05,도봉로147길74,서울특별시 도봉구 도봉로147길74,,37.6651908,127.0385518,03,Y,N,N,,2016,2018-12-31,Y,도봉구청,02-2091-2991,2019-06-25
"방학1C2058",01,05,도당로6길 28,서울특별시 도봉구 도당로6길 28,,37.6614934,127.0363905,03,Y,N,N,,2016,2018-12-31,Y,도봉구청,02-2091-2991,2019-06-25
"방학1C2064",01,05,도당로 133,서울특별시 도봉구 도당로 133,,37.6674182,127.0411018,03,Y,N,N,,2016,2018-12-31,Y,도봉구청,02-2091-2991,2019-06-25
"방학1C2065",01,05,방학로2길 15,서울특별시 도봉구 방학로2길 15,,37.6636274,127.0407539,03,Y,N,N,,2016,2018-12-31,Y,도봉구청,02-2091-2991,2019-06-25
"방학1C2069",01,05,도당로13가길 105,서울특별시 도봉구 도당로13가길 105,,37.6678722,127.040434,03,Y,N,N,,2016,2018-12-31,Y,도봉구청,02-2091-2991,2019-06-25
"방학1C2070",01,05,마들로18길 65,서울특별시 도봉구 마들로18길 65,,37.6611968,127.0502637,03,Y,N,N,,2016,2018-12-31,Y,도봉구청,02-2091-2991,2019-06-25
"방학1C2071",01,05,방학로3길 18,서울특별시 도봉구 방학로3길 18,,37.6618352,127.0407429,03,Y,N,N,,2016,2018-12-31,Y,도봉구청,02-2091-2991,2019-06-25
"방학1C2091",01,05,도봉로150바길 60앞(청구아트빌라 골목길 앞),서울특별시 도봉구 도봉로150바길 60,,37.6632761,127.045317,03,Y,N,N,,2018,2018-12-31,Y,도봉구청,02-2091-2991,2019-06-25
"방학1C2097",01,05,도당로25길 30,서울특별시 도봉구 도당로25길 30,,37.66872996,127.0404597,03,Y,N,N,,2018,2018-12-31,Y,도봉구청,02-2091-2991,2019-06-25
"방학1C2098",01,05,방학로112-48,서울특별시 도봉구 방학로112-48,,37.6641662,127.0399728,03,Y,N,N,,2018,2018-12-31,Y,도봉구청,02-2091-2991,2019-06-25
"방학1C2099",01,05,도봉로147길 46-8,서울특별시 도봉구 도봉로147길 46-8,,37.6654131,127.0401789,03,Y,N,N,,2018,2018-12-31,Y,도봉구청,02-2091-2991,2019-06-25
"방학1C2100",01,05,도봉로145나길 9,서울특별시 도봉구 도봉로145나길 9,,37.6650126,127.0419035,03,Y,N,N,,2018,2018-12-31,Y,도봉구청,02-2091-2991,2019-06-25
"방학1C2101",01,05,마들로 656 (도봉구청과 월드상가 주차장 삼거리),서울특별시 도봉구 마들로 656,,37.6686287,127.0470496,03,Y,N,N,,2018,2018-12-31,Y,도봉구청,02-2091-2991,2019-06-25
"방학2C2072",01,05,시루봉로13길 13,서울특별시 도봉구 시루봉로13길 13,,37.6669065,127.0315248,03,Y,N,N,,2016,2018-12-31,Y,도봉구청,02-2091-2991,2019-06-25
"방학2C2075",01,05,방학로12가길 5-16,서울특별시 도봉구 방학로12가길 5-16,,37.6634104,127.0306295,03,Y,N,N,,2016,2018-12-31,Y,도봉구청,02-2091-2991,2019-06-25
"방학2C2076",01,05,도당로9길 3,서울특별시 도봉구 도당로9길 3,,37.662932,127.0343647,03,Y,N,N,,2016,2018-12-31,Y,도봉구청,02-2091-2991,2019-06-25
"방학2C2077",01,05,시루봉로 15아길 24,서울특별시 도봉구 시루봉로 15아길 24,,37.6696479,127.0319075,03,Y,N,N,,2016,2018-12-31,Y,도봉구청,02-2091-2991,2019-06-25
"방학2C2080",01,05,도당로15길 12(대재청과 앞),서울특별시 도봉구 도당로15길 12,,37.6660674,127.0367746,03,Y,N,N,,2016,2018-12-31,Y,도봉구청,02-2091-2991,2019-06-25
"방학2C2081",01,05,시루봉로21길 14,서울특별시 도봉구 시루봉로21길 14,,37.6698096,127.0359214,03,Y,N,N,,2016,2018-12-31,Y,도봉구청,02-2091-2991,2019-06-25
"방학2C2082",01,05,시루봉로15다길 15(예지팰리스 앞),서울특별시 도봉구 시루봉로15다길 15,,37.66755776,127.0317135,03,Y,N,N,,2016,2018-12-31,Y,도봉구청,02-2091-2991,2019-06-25
"방학2C2083",01,05,도당로11길 7(은하슈퍼 앞),서울특별시 도봉구 도당로11길 7,,37.6642283,127.0344476,03,Y,N,N,,2016,2018-12-31,Y,도봉구청,02-2091-2991,2019-06-25
"방학2C2086",01,05,방학로12길 18(신동아아파트4단지 114동 주차장 출입구),서울특별시 도봉구 방학로12길 18,,37.6628385,127.0306573,03,Y,N,N,,2016,2018-12-31,Y,도봉구청,02-2091-2991,2019-06-25
"방학2C2089",01,05,시루봉로15길 52,서울특별시 도봉구 시루봉로15길 52,,37.669168,127.031517,03,Y,N,N,,2016,2018-12-31,Y,도봉구청,02-2091-2991,2019-06-25
"방학2C2090",01,05,시루봉로17길 13,서울특별시 도봉구 시루봉로17길 13,,37.6685301,127.0338263,03,Y,N,N,,2016,2018-12-31,Y,도봉구청,02-2091-2991,2019-06-25
"방학2C2032",01,05,도당로 13라길 33 두예파크빌라 앞,서울특별시 도봉구 도당로 13라길 33,,37.6675888,127.0357325,03,Y,N,N,,2018,2018-12-31,Y,도봉구청,02-2091-2991,2019-06-25
"방학2C2033",01,05,도당로 13길 29-3 청도빌라,서울특별시 도봉구 도당로 13길 29-3,,37.6657107,127.034697,03,Y,N,N,,2018,2018-12-31,Y,도봉구청,02-2091-2991,2019-06-25
"방학2C2034",01,05,도당로 15길 21 술사와 앞,서울특별시 도봉구 도당로 15길 21,,37.6663463,127.0361725,03,Y,N,N,,2018,2018-12-31,Y,도봉구청,02-2091-2991,2019-06-25
"방학2C2035",01,05,도당로 13길 34-16 하나투빌 앞,서울특별시 도봉구 도당로 13길 34-16,,37.6665242,127.0354527,03,Y,N,N,,2018,2018-12-31,Y,도봉구청,02-2091-2991,2019-06-25
"방학2C2036",01,05,도당로 13나길 63 민영설비 앞,서울특별시 도봉구 도당로 13나길 63,,37.6676531,127.0377606,03,Y,N,N,,2018,2018-12-31,Y,도봉구청,02-2091-2991,2019-06-25
"방학2C2037",01,05,도봉로151길 108 영흥맨션 9차,서울특별시 도봉구 도봉로151길 108,,37.6680935,127.0373956,03,Y,N,N,,2018,2018-12-31,Y,도봉구청,02-2091-2991,2019-06-25
"방학2C2039",01,05,시루봉로17가길 7 모서리,서울특별시 도봉구 시루봉로17가길 7,,37.66919339,127.0336683,03,Y,N,N,,2014,2018-12-31,Y,도봉구청,02-2091-2991,2019-06-25
"방학2C2040",01,05,시루봉로17길 48-22 약수하이츠빌라앞,서울특별시 도봉구 시루봉로17길 48-22,,37.6703574,127.032066,03,Y,N,N,,2014,2018-12-31,Y,도봉구청,02-2091-2991,2019-06-25
"방학2C2041",01,05,시루봉로17길 36-26 삼화페인트앞,서울특별시 도봉구 시루봉로17길 36-26,,37.6698754,127.0328385,03,Y,N,N,,2014,2018-12-31,Y,도봉구청,02-2091-2991,2019-06-25
"방학2C2042",01,05,시루봉로17길 42 방아골어린이집옆,서울특별시 도봉구 시루봉로17길 42,,37.6692804,127.032581,03,Y,N,N,,2014,2018-12-31,Y,도봉구청,02-2091-2991,2019-06-25
"방학2C2043",01,05,시루봉로17길 42 도봉방아골종합사회복지관,서울특별시 도봉구 시루봉로17길 42,,37.6692804,127.032581,03,Y,N,N,,2014,2018-12-31,Y,도봉구청,02-2091-2991,2019-06-25
"방학2C2044",01,05,시루봉로15라길 59-9 노인복지회관뒤,서울특별시 도봉구 시루봉로15라길 59-9,,37.6705376,127.0321759,03,Y,N,N,,2014,2018-12-31,Y,도봉구청,02-2091-2991,2019-06-25
"방학2C2045",01,05,시루봉로15라길 59-44,서울특별시 도봉구 시루봉로15라길 59-44,,37.6711027,127.0321946,03,Y,N,N,,2014,2018-12-31,Y,도봉구청,02-2091-2991,2019-06-25
"방학2C2046",01,05,시루봉로15라길 55 삼우빌라앞,서울특별시 도봉구 시루봉로15라길 55,,37.6704361,127.0325445,03,Y,N,N,,2014,2018-12-31,Y,도봉구청,02-2091-2991,2019-06-25
"방학2C2047",01,05,시루봉로15라길 64 진한빌라앞,서울특별시 도봉구 시루봉로15라길 64,,37.6706568,127.0330925,03,Y,N,N,,2014,2018-12-31,Y,도봉구청,02-2091-2991,2019-06-25
"방학2C2049",01,05,시루봉로21길 28 명성파크빌라,서울특별시 도봉구 시루봉로21길 28,,37.6702493,127.0359271,03,Y,N,N,,2014,2018-12-31,Y,도봉구청,02-2091-2991,2019-06-25
"방학2C2050",01,05,시루봉로19길 24 전신주,서울특별시 도봉구 시루봉로19길 24,,37.6690491,127.0347116,03,Y,N,N,,2014,2018-12-31,Y,도봉구청,02-2091-2991,2019-06-25
"방학2C2051",01,05,시루봉로15나길 10 방학파크빌,서울특별시 도봉구 시루봉로15나길 10,,37.667902,127.0334853,03,Y,N,N,,2014,2018-12-31,Y,도봉구청,02-2091-2991,2019-06-25
"방학2C2052",01,05,시루봉로22길 12 청운빌라트,서울특별시 도봉구 시루봉로22길 12,,37.6690566,127.0372755,03,Y,N,N,,2014,2018-12-31,Y,도봉구청,02-2091-2991,2019-06-25
"방학2C2053",01,05,도당로13다길 25 먹지돈나 분식집,서울특별시 도봉구 도당로13다길 25,,37.6656019,127.0331751,03,Y,N,N,,2014,2018-12-31,Y,도봉구청,02-2091-2991,2019-06-25
"방학2C2055",01,05,시루봉로15바길 37-2,서울특별시 도봉구 시루봉로15바길 37-2,,37.66821778,127.0297824,03,Y,N,N,,2015,2018-12-31,Y,도봉구청,02-2091-2991,2019-06-25
"방학2C2059",01,05,도당로19길19,서울특별시 도봉구 도당로19길 19,,37.6678722,127.0391055,03,Y,N,N,,2016,2018-12-31,Y,도봉구청,02-2091-2991,2019-06-25
"방학2C2060",01,05,도당로15길59,서울특별시 도봉구 도당로15길 59,,37.6676037,127.0347915,03,Y,N,N,,2016,2018-12-31,Y,도봉구청,02-2091-2991,2019-06-25
"방학2C2061",01,05,도당로9길12-13,서울특별시 도봉구 도당로9길 12-13,,37.6634499,127.0335714,03,Y,N,N,,2016,2018-12-31,Y,도봉구청,02-2091-2991,2019-06-25
"방학2C2066",01,05,도당로13길 8,서울특별시 도봉구 도당로13길 8,,37.6652786,127.0357363,03,Y,N,N,,2016,2018-12-31,Y,도봉구청,02-2091-2991,2019-06-25
"방학2C2067",01,05,시루봉로15자길 31,서울특별시 도봉구 시루봉로15자길 31,,37.670416,127.0308603,03,Y,N,N,,2016,2018-12-31,Y,도봉구청,02-2091-2991,2019-06-25
"방학2C2068",01,05,시루봉로13가길 23,서울특별시 도봉구 시루봉로13가길 23,,37.6673369,127.0306045,03,Y,N,N,,2016,2018-12-31,Y,도봉구청,02-2091-2991,2019-06-25
"방학2C2092",01,05,도당로13나길 9(유정해물탕),서울특별시 도봉구 도당로13나길 9,,37.6660428,127.0354136,03,Y,N,N,,2018,2018-12-31,Y,도봉구청,02-2091-2991,2019-06-25
"방학2C2093",01,05,시루봉로15라길 8(서울우유),서울특별시 도봉구 시루봉로15라길 8,,37.6683232,127.0328791,03,Y,N,N,,2018,2018-12-31,Y,도봉구청,02-2091-2991,2019-06-25
"방학2C2094",01,05,시루봉로22길 27(무지개미용실 옆),서울특별시 도봉구 시루봉로22길 27,,37.6686409,127.0380052,03,Y,N,N,,2018,2018-12-31,Y,도봉구청,02-2091-2991,2019-06-25
"방학2C2102",01,05,시루봉로12길 10-8,서울특별시 도봉구 시루봉로12길 10-8,,37.6647838,127.0306536,03,Y,N,N,,2018,2018-12-31,Y,도봉구청,02-2091-2991,2019-06-25
"방학3C2087",01,05,해등로34길 77,서울특별시 도봉구 해등로34길 77,,37.6599104,127.0205483,03,Y,N,N,,2016,2018-12-31,Y,도봉구청,02-2091-2991,2019-06-25
"방학3C2088",01,05,시루봉로11길 9 맞은편,서울특별시 도봉구 시루봉로11길 9,,37.6634899,127.0271556,03,Y,N,N,,2016,2018-12-31,Y,도봉구청,02-2091-2991,2019-06-25
"방학3C2054",01,05,도당로7길 26 88곱창전문점 앞,서울특별시 도봉구 도당로7길 26,,37.6618283,127.0332784,03,Y,N,N,,2018,2018-12-31,Y,도봉구청,02-2091-2991,2019-06-25
"방학3C2062",01,05,시루봉로11길25-8,서울특별시 도봉구 시루봉로11길 25-8,,37.66427947,127.0265212,03,Y,N,N,,2018,2018-12-31,Y,도봉구청,02-2091-2991,2019-06-25
"방학3C2063",01,05,방학로17길 15-6,서울특별시 도봉구 방학로17길 15-6,,37.6608776,127.0231979,03,Y,N,N,,2016,2018-12-31,Y,도봉구청,02-2091-2991,2019-06-25
"방학3C2095",01,05,해등로312-3(제일교회 사이),서울특별시 도봉구 해등로 312-3,,37.6575086,127.0213403,03,Y,N,N,,2018,2018-12-31,Y,도봉구청,02-2091-2991,2019-06-25
"방학3C2096",01,05,방학로17길 44(나눔교회 사이),서울특별시 도봉구 방학로17길 44,,37.661275,127.0218984,03,Y,N,N,,2018,2018-12-31,Y,도봉구청,02-2091-2991,2019-06-25
"쌍문1C3074",01,05,해등로 337-20,서울특별시 도봉구 해등로 337-20,,37.656277,127.0186501,03,Y,N,N,,2017,2018-12-31,Y,도봉구청,02-2091-2991,2019-06-25
"쌍문1C3075",01,05,삼양로 534-7,서울특별시 도봉구 삼양로 534-7,,37.6509059,127.0136677,03,Y,N,N,,2017,2018-12-31,Y,도봉구청,02-2091-2991,2019-06-25
"쌍문1C3085",01,05,우이천로50길 47,서울특별시 도봉구 우이천로 50길 47,,37.6570037,127.0181657,03,Y,N,N,,2017,2018-12-31,Y,도봉구청,02-2091-2991,2019-06-25
"쌍문1C3086",01,05,삼양로162가길 42-26(삼일시티빌),서울특별시 도봉구 삼양로 162가길 42-26,,37.66025218,127.0159889,03,Y,N,N,,2017,2018-12-31,Y,도봉구청,02-2091-2991,2019-06-25
"쌍문1C3087",01,05,도봉로117길 5-13,서울특별시 도봉구 도봉로 117길 5-13,,37.6488005,127.034287,03,Y,N,N,,2017,2018-12-31,Y,도봉구청,02-2091-2991,2019-06-25
"쌍문1C3088",01,05,노해로44길 8(경보빌라트 앞 한전주),서울특별시 도봉구 노해로 44길 8,,37.6487631,127.0276492,03,Y,N,N,,2017,2018-12-31,Y,도봉구청,02-2091-2991,2019-06-25
"쌍문1C3089",01,05,노해로41길 42-9(장산빌라 앞),서울특별시 도봉구 노해로 41길 42-9,,37.6502968,127.0247179,03,Y,N,N,,2017,2018-12-31,Y,도봉구청,02-2091-2991,2019-06-25
"쌍문1C3090",01,05,해등로 337-20,서울특별시 도봉구 해등로 337-20,,37.656277,127.0186501,03,Y,N,N,,2017,2018-12-31,Y,도봉구청,02-2091-2991,2019-06-25
"쌍문1C3091",01,05,우이천로39길 11-25 맞은편,서울특별시 도봉구 우이천로 39길 11-25,,37.6493877,127.0208089,03,Y,N,N,,2017,2018-12-31,Y,도봉구청,02-2091-2991,2019-06-25
"쌍문1C3032",01,05,우이천로45길 22-10 우리동네숲 9호 앞,서울특별시 도봉구 우이천로 45길 22-10,,37.6547188,127.0149297,03,Y,N,N,,2018,2018-12-31,Y,도봉구청,02-2091-2991,2019-06-25
"쌍문1C3033",01,05,우이천로 30길 15 남전그린빌라,서울특별시 도봉구 우이천로 30길 15,,37.6482372,127.0255041,03,Y,N,N,,2014,2018-12-31,Y,도봉구청,02-2091-2991,2019-06-25
"쌍문1C3034",01,05,우이천로 39길 11 연수슈퍼 앞,서울특별시 도봉구 우이천로 39길 11,,37.6497074,127.0200228,03,Y,N,N,,2014,2018-12-31,Y,도봉구청,02-2091-2991,2019-06-25
"쌍문1C3035",01,05,우이천로 38라길 46,서울특별시 도봉구 우이천로 38라길 46,,37.6536882,127.0237364,03,Y,N,N,,2014,2018-12-31,Y,도봉구청,02-2091-2991,2019-06-25
"쌍문1C3036",01,05,우이천로 42길 40 삼성쉐르빌,서울특별시 도봉구 우이천로 42길 40,,37.6542312,127.0184855,03,Y,N,N,,2014,2018-12-31,Y,도봉구청,02-2091-2991,2019-06-25
"쌍문1C3037",01,05,우이천로 478 현대의원 앞,서울특별시 도봉구 우이천로 478,,37.6556774,127.0158905,03,Y,N,N,,2014,2018-12-31,Y,도봉구청,02-2091-2991,2019-06-25
"쌍문1C3038",01,05,삼양로 154길 26 백운교 앞,서울특별시 도봉구 삼양로 154길 26,,37.6554305,127.0147015,03,Y,N,N,,2014,2018-12-31,Y,도봉구청,02-2091-2991,2019-06-25
"쌍문1C3039",01,05,노해로 37길 108,서울특별시 도봉구 노해로 37길 108,,37.6492662,127.020279,03,Y,N,N,,2014,2018-12-31,Y,도봉구청,02-2091-2991,2019-06-25
"쌍문1C3046",01,05,우이천로34가길 13 쌍문초 후문,서울특별시 도봉구 우이천로 34가길 13,,37.6492464,127.0239792,03,Y,N,N,,2014,2018-12-31,Y,도봉구청,02-2091-2991,2019-06-25
"쌍문1C3047",01,05,우이천로38나길 21 대광빌라 앞,서울특별시 도봉구 우이천로 38나길 21,,37.6516597,127.0221684,03,Y,N,N,,2014,2018-12-31,Y,도봉구청,02-2091-2991,2019-06-25
"쌍문1C3048",01,05,우이천로44길 19 긴급소화방지함 옆,서울특별시 도봉구 우이천로 44길 19,,37.6545116,127.0170936,03,Y,N,N,,2014,2018-12-31,Y,도봉구청,02-2091-2991,2019-06-25
"쌍문1C3053",01,05,노해로 45길 38-20,서울특별시 도봉구 노해로 45길 38-20,,37.6516843,127.0264586,03,Y,N,N,,2016,2018-12-31,Y,도봉구청,02-2091-2991,2019-06-25
"쌍문1C3054",01,05,우이천로38가길23,서울특별시 도봉구 우이천로 38가길 23,,37.6510212,127.0215637,03,Y,N,N,,2016,2018-12-31,Y,도봉구청,02-2091-2991,2019-06-25
"쌍문1C3055",01,05,삼양로162가길42-42,서울특별시 도봉구 삼양로 162가길 42-42,,37.6607158,127.0159872,03,Y,N,N,,2016,2018-12-31,Y,도봉구청,02-2091-2991,2019-06-25
"쌍문1C3056",01,05,우이천로38길105,서울특별시 도봉구 우이천로 38길 105,,37.6535126,127.0216818,03,Y,N,N,,2016,2018-12-31,Y,도봉구청,02-2091-2991,2019-06-25
"쌍문1C3058",01,05,우이천로38길51,서울특별시 도봉구 우이천로 38길 51,,37.6515842,127.0233967,03,Y,N,N,,2016,2018-12-31,Y,도봉구청,02-2091-2991,2019-06-25
"쌍문1C3067",01,05,우이천로42나길 19,서울특별시 도봉구 우이천로 42나길 19,,37.6539769,127.0192187,03,Y,N,N,,2016,2018-12-31,Y,도봉구청,02-2091-2991,2019-06-25
"쌍문1C3068",01,05,우이천로50길 26,서울특별시 도봉구 우이천로 50길 26,,37.6566227,127.0168765,03,Y,N,N,,2016,2018-12-31,Y,도봉구청,02-2091-2991,2019-06-25
"쌍문1C3071",01,05,우이천로 46가길 20,서울특별시 도봉구 우이천로 46가길 20,,37.6555701,127.0171759,03,Y,N,N,,2016,2018-12-31,Y,도봉구청,02-2091-2991,2019-06-25
"쌍문1C3072",01,05,노해로41길28,서울특별시 도봉구 노해로 41길 28,,37.6498233,127.0258642,03,Y,N,N,,2017,2018-12-31,Y,도봉구청,02-2091-2991,2019-06-25
"쌍문1C3097",01,05,우이천로44길 7(삼호그랑빌 옆),서울특별시 도봉구 우이천로 44길 7,,37.654391,127.0165738,03,Y,N,N,,2018,2018-12-31,Y,도봉구청,02-2091-2991,2019-06-25
"쌍문1C3098",01,05,우이천로50길 5,서울특별시 도봉구 우이천로 50길 5,,37.6568105,127.0157361,03,Y,N,N,,2018,2018-12-31,Y,도봉구청,02-2091-2991,2019-06-25
"쌍문1C3099",01,05,해등로36길 13-10(청솔빌라),서울특별시 도봉구 해등로 36길 13-10,,37.6585776,127.0153343,03,Y,N,N,,2018,2018-12-31,Y,도봉구청,02-2091-2991,2019-06-25
"쌍문1C3100",01,05,우이천로34길 61(동익미라벨아파트 옆길),서울특별시 도봉구 우이천로34길 61,,37.6511643,127.0240459,03,Y,N,N,,2018,2018-12-31,Y,도봉구청,02-2091-2991,2019-06-25
"쌍문1C3101",01,05,삼양로154길 8(건강원 앞),서울특별시 도봉구 삼양로154길 8,,37.6553161,127.0136298,03,Y,N,N,,2018,2018-12-31,Y,도봉구청,02-2091-2991,2019-06-25
"쌍문1C3106",01,05,우이천로48길 32,서울특별시 도봉구 우이천로48길 32,,37.65582994,127.0175383,03,Y,N,N,,2018,2018-12-31,Y,도봉구청,02-2091-2991,2019-06-25
"쌍문1C3107",01,05,우이천로44길 29-22,서울특별시 도봉구 우이천로44길 29-22,,37.6551306,127.0181779,03,Y,N,N,,2018,2018-12-31,Y,도봉구청,02-2091-2991,2019-06-25
"쌍문2C3110",01,05,도봉로129길 49,서울특별시 도봉구 도봉로129길 49,,37.6552938,127.0355561,03,Y,N,N,,2018,2018-12-31,Y,도봉구청,02-2091-2991,2019-06-25
"쌍문2C3092",01,05,도봉로133길 8-16,서울특별시 도봉구 도봉로133길 8-16,,37.6579596,127.0394917,03,Y,N,N,,2016,2018-12-31,Y,도봉구청,02-2091-2991,2019-06-25
"쌍문2C3094",01,05,도봉로123길 59,서울특별시 도봉구 도봉로123길 59,,37.6534868,127.033637,03,Y,N,N,,2016,2018-12-31,Y,도봉구청,02-2091-2991,2019-06-25
"쌍문2C3040",01,05,도봉로 139길 84 반석문구 앞,서울특별시 도봉구 도봉로 139길 84,,37.6605452,127.0370126,03,Y,N,N,,2014,2018-12-31,Y,도봉구청,02-2091-2991,2019-06-25
"쌍문2C3049",01,05,도봉로127길 31-4 거성파크빌,서울특별시 도봉구 도봉로127길 31-4,,37.6541198,127.0355645,03,Y,N,N,,2014,2018-12-31,Y,도봉구청,02-2091-2991,2019-06-25
"쌍문2C3050",01,05,도봉로121길 39 한신빌라,서울특별시 도봉구 도봉로121길 39,,37.6524207,127.0342651,03,Y,N,N,,2014,2018-12-31,Y,도봉구청,02-2091-2991,2019-06-25
"쌍문2C3057",01,05,방학로3가길 22,서울특별시 도봉구 방학로3가길 22,,37.6587467,127.0376682,03,Y,N,N,,2016,2018-12-31,Y,도봉구청,02-2091-2991,2019-06-25
"쌍문2C3059",01,05,도봉로121가길17,서울특별시 도봉구 도봉로121가길 17,,37.6517200,127.0348532,03,Y,N,N,,2016,2018-12-31,Y,도봉구청,02-2091-2991,2019-06-25
"쌍문2C3065",01,05,도봉로123길 33,서울특별시 도봉구 도봉로123길 33,,37.6529687,127.0351703,03,Y,N,N,,2016,2018-12-31,Y,도봉구청,02-2091-2991,2019-06-25
"쌍문2C3069",01,05,도봉로121가길 28,서울특별시 도봉구 도봉로121가길 28,,37.6518832,127.0342063,03,Y,N,N,,2016,2018-12-31,Y,도봉구청,02-2091-2991,2019-06-25
"쌍문2C3070",01,05,도봉로139길 62,서울특별시 도봉구 도봉로139길 62,,37.6605788,127.0383801,03,Y,N,N,,2016,2018-12-31,Y,도봉구청,02-2091-2991,2019-06-25
"쌍문2C3102",01,05,도당로7 (벽산 불가마사우나 건물 사이),서울특별시 도봉구 도당로7,,37.6587508,127.0347634,03,Y,N,N,,2018,2018-12-31,Y,도봉구청,02-2091-2991,2019-06-25
"쌍문2C3108",01,05,노해로57길 68,서울특별시 도봉구 노해로57길 68,,37.6539625,127.0346191,03,Y,N,N,,2018,2018-12-31,Y,도봉구청,02-2091-2991,2019-06-25
"쌍문3C3073",01,05,노해로 60길 34-7,서울특별시 도봉구 노해로 60길 34-7,,37.6498562,127.033811,03,Y,N,N,,2016,2018-12-31,Y,도봉구청,02-2091-2991,2019-06-25
"쌍문3C3077",01,05,삼양로146길 16앞,서울특별시 도봉구 삼양로146길 16,,37.6523152,127.013572,03,Y,N,N,,2016,2018-12-31,Y,도봉구청,02-2091-2991,2019-06-25
"쌍문3C3078",01,05,도봉로113길 34,서울특별시 도봉구 도봉로113길 34,,37.648521,127.0322815,03,Y,N,N,,2016,2018-12-31,Y,도봉구청,02-2091-2991,2019-06-25
"쌍문3C3079",01,05,도봉로115길 23,서울특별시 도봉구 도봉로115길 23,,37.6487326,127.0331513,03,Y,N,N,,2016,2018-12-31,Y,도봉구청,02-2091-2991,2019-06-25
"쌍문3C3080",01,05,도봉로109길 46-18,서울특별시 도봉구 도봉로109길 46-18,,37.6477045,127.0309447,03,Y,N,N,,2016,2018-12-31,Y,도봉구청,02-2091-2991,2019-06-25
"쌍문3C3081",01,05,도봉로 489,서울특별시 도봉구 도봉로 489,,37.6493624,127.0347965,03,Y,N,N,,2016,2018-12-31,Y,도봉구청,02-2091-2991,2019-06-25
"쌍문3C3095",01,05,도봉로109가길 45-5 맞은편,서울특별시 도봉구 도봉로109가길 45-5,,37.6489347,127.0305423,03,Y,N,N,,2016,2018-12-31,Y,도봉구청,02-2091-2991,2019-06-25
"쌍문3C3041",01,05,우이천로24길 11-19 대일맨션,서울특별시 도봉구 우이천로24길 11-19,,37.6442584,127.0302201,03,Y,N,N,,2018,2018-12-31,Y,도봉구청,02-2091-2991,2019-06-25
"쌍문3C3042",01,05,노해로 48길 26-6 청기와빌라,서울특별시 도봉구 노해로 48길 26-6,,37.6498486,127.0295887,03,Y,N,N,,2014,2018-12-31,Y,도봉구청,02-2091-2991,2019-06-25
"쌍문3C3043",01,05,노해로 48길 93 영진아파트,서울특별시 도봉구 노해로 48길 93,,37.6505149,127.0334806,03,Y,N,N,,2014,2018-12-31,Y,도봉구청,02-2091-2991,2019-06-25
"쌍문3C3044",01,05,도봉로 109길 89 샛별어린이놀이터 앞,서울특별시 도봉구 도봉로 109길 89,,37.6480297,127.0288509,03,Y,N,N,,2014,2018-12-31,Y,도봉구청,02-2091-2991,2019-06-25
"쌍문3C3045",01,05,노해로 38길 15 백조아파트 라동앞,서울특별시 도봉구 노해로 38길 15,,37.6460275,127.0262163,03,Y,N,N,,2014,2018-12-31,Y,도봉구청,02-2091-2991,2019-06-25
"쌍문3C3051",01,05,노해로60가길 14,서울특별시 도봉구 노해로 60가길 14,,37.6475637,127.0321194,03,Y,N,N,,2014,2018-12-31,Y,도봉구청,02-2091-2991,2019-06-25
"쌍문3C3060",01,05,노해로40길25,서울특별시 도봉구 노해로 40길 25,,37.6478823,127.0281344,03,Y,N,N,,2016,2018-12-31,Y,도봉구청,02-2091-2991,2019-06-25
"쌍문3C3061",01,05,도봉로109길12,서울특별시 도봉구 도봉로 109길 12,,37.6468304,127.0326921,03,Y,N,N,,2016,2018-12-31,Y,도봉구청,02-2091-2991,2019-06-25
"쌍문3C3062",01,05,노해로44길 48,서울특별시 도봉구 노해로 44길 48,,37.6480412,127.0298185,03,Y,N,N,,2016,2018-12-31,Y,도봉구청,02-2091-2991,2019-06-25
"쌍문3C3063",01,05,도봉로109길35,서울특별시 도봉구 도봉로 109길 35,,37.6468585,127.0313931,03,Y,N,N,,2016,2018-12-31,Y,도봉구청,02-2091-2991,2019-06-25
"쌍문3C3064",01,05,노해로42길 26,서울특별시 도봉구 노해로42길 26,,37.648055,127.0281015,03,Y,N,N,,2016,2018-12-31,Y,도봉구청,02-2091-2991,2019-06-25
"쌍문3C3103",01,05,노해로48길 29(나산스위트홈 앞),서울특별시 도봉구 노해로48길 29,,37.6502107,127.029907,03,Y,N,N,,2018,2018-12-31,Y,도봉구청,02-2091-2991,2019-06-25
"쌍문3C3104",01,05,도봉로 473(체리붐 앞),서울특별시 도봉구 도봉로 473,,37.6479302,127.0339708,03,Y,N,N,,2018,2018-12-31,Y,도봉구청,02-2091-2991,2019-06-25
"쌍문3C3105",01,05,해등로26길 35 (발바닥공원 진입로),서울특별시 도봉구 해등로26길 35,,37.6595589,127.0325383,03,Y,N,N,,2018,2018-12-31,Y,도봉구청,02-2091-2991,2019-06-25
"쌍문3C3109",01,05,노해로60길 3-5,서울특별시 도봉구 노해로60길 3-5,,37.6508512,127.0352702,03,Y,N,N,,2018,2018-12-31,Y,도봉구청,02-2091-2991,2019-06-25
"쌍문4C3111",01,05,시루봉로6길 53,서울특별시 도봉구 시루봉로6길 53,,37.6591984,127.0306616,03,Y,N,N,,2016,2018-12-31,Y,도봉구청,02-2091-2991,2019-06-25
"쌍문4C3052",01,05,노해로 201-9 다우빌라 건너편,서울특별시 도봉구 노해로 201-9,,37.6513812,127.0305694,03,Y,N,N,,2018,2018-12-31,Y,도봉구청,02-2091-2991,2019-06-25
"쌍문4C3066",01,05,노해로49길 36,서울특별시 도봉구 노해로49길 36,,37.6521155,127.0302358,03,Y,N,N,,2018,2018-12-31,Y,도봉구청,02-2091-2991,2019-06-25
"창1C4051",01,05,도봉로118길 37,서울특별시 도봉구 도봉로118길 37,,37.6489316,127.0372113,03,Y,N,N,,2014,2018-12-31,Y,도봉구청,02-2091-2991,2019-06-25
"창1C4094",01,05,도봉로110나길 42,서울특별시 도봉구 도봉로110나길 42,,37.6478109,127.0354636,03,Y,N,N,,2016,2018-12-31,Y,도봉구청,02-2091-2991,2019-06-25
"창1C4106",01,05,해등로 50(주공3단지 상가 앞 인도),서울특별시 도봉구 해등로 50,,37.6500415,127.0436076,03,Y,N,N,,2016,2018-12-31,Y,도봉구청,02-2091-2991,2019-06-25
"창1C4107",01,05,도봉로112길 61,서울특별시 도봉구 도봉로112길 61,,37.6470743,127.0380602,03,Y,N,N,,2016,2018-12-31,Y,도봉구청,02-2091-2991,2019-06-25
"창1C4108",01,05,노해로62길 64,서울특별시 도봉구 노해로62길 64,,37.6483626,127.0381467,03,Y,N,N,,2016,2018-12-31,Y,도봉구청,02-2091-2991,2019-06-25
"창1C4118",01,05,도봉로110길 55,서울특별시 도봉구 도봉로110길 55,,37.6462987,127.0366379,03,Y,N,N,,2016,2018-12-31,Y,도봉구청,02-2091-2991,2019-06-25
"창1C4042",01,05,도봉로 116길 21 이데아폴리스앞,서울특별시 도봉구 도봉로 116길 21,,37.6482537,127.0366186,03,Y,N,N,,2014,2018-12-31,Y,도봉구청,02-2091-2991,2019-06-25
"창1C4056",01,05,도봉로118길 6-8 오복보신탕,서울특별시 도봉구 도봉로118길 6-8,,37.6487386,127.0353088,03,Y,N,N,,2014,2018-12-31,Y,도봉구청,02-2091-2991,2019-06-25
"창1C4062",01,05,도봉로110바길11,서울특별시 도봉구 도봉로110바길 11,,37.6468426,127.0372666,03,Y,N,N,,2016,2018-12-31,Y,도봉구청,02-2091-2991,2019-06-25
"창1C4063",01,05,도봉로112길63-5,서울특별시 도봉구 도봉로112길 63-5,,37.6472492,127.0381735,03,Y,N,N,,2016,2018-12-31,Y,도봉구청,02-2091-2991,2019-06-25
"창1C4064",01,05,도봉로110나길86,서울특별시 도봉구 도봉로110나길 86,,37.6496293,127.0364679,03,Y,N,N,,2016,2018-12-31,Y,도봉구청,02-2091-2991,2019-06-25
"창1C4065",01,05,도봉로110바길4-9,서울특별시 도봉구 도봉로110바길 4-9,,37.646613,127.0379426,03,Y,N,N,,2016,2018-12-31,Y,도봉구청,02-2091-2991,2019-06-25
"창1C4066",01,05,도봉로110나길34,서울특별시 도봉구 도봉로110나길 34,,37.6474749,127.0352493,03,Y,N,N,,2016,2018-12-31,Y,도봉구청,02-2091-2991,2019-06-25
"창1C4086",01,05,도봉로112길 16,서울특별시 도봉구 도봉로112길 16,,37.6467121,127.0355232,03,Y,N,N,,2016,2018-12-31,Y,도봉구청,02-2091-2991,2019-06-25
"창1C4088",01,05,도봉로114길 73,서울특별시 도봉구 도봉로114길 73,,37.6476966,127.0383525,03,Y,N,N,,2016,2018-12-31,Y,도봉구청,02-2091-2991,2019-06-25
"창1C4122",01,05,마들로16길 20(한성라비앙 앞),서울특별시 도봉구 마들로16길 20,,37.6614244,127.0478716,03,Y,N,N,,2018,2018-12-31,Y,도봉구청,02-2091-2991,2019-06-25
"창1C4123",01,05,덕릉로315(도봉문화정보도서관 삼거리),서울특별시 도봉구 덕릉로315,,37.6445808,127.0438827,03,Y,N,N,,2018,2018-12-31,Y,도봉구청,02-2091-2991,2019-06-25
"창2C4095",01,05,덕릉로63가길 50,서울특별시 도봉구 덕릉로63가길 50,,37.6430913,127.0376719,03,Y,N,N,,2014,2018-12-31,Y,도봉구청,02-2091-2991,2019-06-25
"창2C4096",01,05,덕릉로59다길 14-6,서울특별시 도봉구 덕릉로59다길 14-6,,37.6402934,127.0377545,03,Y,N,N,,2014,2018-12-31,Y,도봉구청,02-2091-2991,2019-06-25
"창2C4102",01,05,우이천로16길 6-4,서울특별시 도봉구 우이천로16길 6-4,,37.6381332,127.0350494,03,Y,N,N,,2014,2018-12-31,Y,도봉구청,02-2091-2991,2019-06-25
"창2C4103",01,05,우이천로22길 30,서울특별시 도봉구 우이천로22길 30,,37.6425337,127.0343727,03,Y,N,N,,2014,2018-12-31,Y,도봉구청,02-2091-2991,2019-06-25
"창2C4112",01,05,덕릉로59바길 22,서울특별시 도봉구 덕릉로59바길 22,,37.6406064,127.0364689,03,Y,N,N,,2014,2018-12-31,Y,도봉구청,02-2091-2991,2019-06-25
"창2C4113",01,05,덕릉로59바길 40,서울특별시 도봉구 덕릉로59바길 40,,37.6399443,127.035937,03,Y,N,N,,2014,2018-12-31,Y,도봉구청,02-2091-2991,2019-06-25
"창2C4043",01,05,덕릉로 59길 31 동진빌라맨션 앞,서울특별시 도봉구 덕릉로 59길 31,,37.6407682,127.0377438,03,Y,N,N,,2018,2018-12-31,Y,도봉구청,02-2091-2991,2019-06-25
"창2C4044",01,05,덕릉로 59길 67 삼일맨션 앞,서울특별시 도봉구 덕릉로 59길 67,,37.6414867,127.036027,03,Y,N,N,,2018,2018-12-31,Y,도봉구청,02-2091-2991,2019-06-25
"창2C4045",01,05,덕릉로 63길 92-6,서울특별시 도봉구 덕릉로 63길 92-6,,37.6455831,127.0402687,03,Y,N,N,,2018,2018-12-31,Y,도봉구청,02-2091-2991,2019-06-25
"창2C4046",01,05,도봉로 110마길 37 리치빌빌라 103동,서울특별시 도봉구 도봉로 110마길 37,,37.644477,127.0366625,03,Y,N,N,,2018,2018-12-31,Y,도봉구청,02-2091-2991,2019-06-25
"창2C4048",01,05,덕릉로 53길 54 한신빌라 앞,서울특별시 도봉구 덕릉로 53길 54,,37.6394353,127.0350632,03,Y,N,N,,2018,2018-12-31,Y,도봉구청,02-2091-2991,2019-06-25
"창2C4049",01,05,도봉로 104길 129-12,서울특별시 도봉구 도봉로 104길 129-12,,37.6450311,127.0388752,03,Y,N,N,,2018,2018-12-31,Y,도봉구청,02-2091-2991,2019-06-25
"창2C4050",01,05,덕릉로 59가길 26,서울특별시 도봉구 덕릉로 59가길 26,,37.6395887,127.0378542,03,Y,N,N,,2018,2018-12-31,Y,도봉구청,02-2091-2991,2019-06-25
"창2C4057",01,05,덕릉로53길 16 공원입구,서울특별시 도봉구 덕릉로53길 16,,37.6383497,127.0366329,03,Y,N,N,,2014,2018-12-31,Y,도봉구청,02-2091-2991,2019-06-25
"창2C4058",01,05,도봉로110가길 16 골목전신주,서울특별시 도봉구 도봉로110가길 16,,37.645607,127.0335884,03,Y,N,N,,2014,2018-12-31,Y,도봉구청,02-2091-2991,2019-06-25
"창2C4067",01,05,도봉로108길 33,서울특별시 도봉구 도봉로108길 33,,37.6454771,127.0356672,03,Y,N,N,,2014,2018-12-31,Y,도봉구청,02-2091-2991,2019-06-25
"창2C4068",01,05,도봉로106길13,서울특별시 도봉구 도봉로106길 13,,37.6449183,127.0334432,03,Y,N,N,,2014,2018-12-31,Y,도봉구청,02-2091-2991,2019-06-25
"창2C4069",01,05,덕릉로63길20,서울특별시 도봉구 덕릉로63길 20,,37.6422089,127.0406203,03,Y,N,N,,2014,2018-12-31,Y,도봉구청,02-2091-2991,2019-06-25
"창2C4070",01,05,도봉로110라길70-21,서울특별시 도봉구 도봉로110라길 70-21,,37.6424428,127.0350481,03,Y,N,N,,2014,2018-12-31,Y,도봉구청,02-2091-2991,2019-06-25
"창2C4071",01,05,덕릉로59길51,서울특별시 도봉구 덕릉로59다길 51,,37.6388541,127.0366014,03,Y,N,N,,2014,2018-12-31,Y,도봉구청,02-2091-2991,2019-06-25
"창2C4124",01,05,덕릉로59다길 51(북한산하이빌 A동 옆),서울특별시 도봉구 덕릉로59다길 51,,37.6388541,127.0366014,03,Y,N,N,,2014,2018-12-31,Y,도봉구청,02-2091-2991,2019-06-25
"창2C4125",01,05,도봉로110다길 18(펠리즈 옆),서울특별시 도봉구 도봉로110다길 18,,37.645437,127.0337436,03,Y,N,N,,2014,2018-12-31,Y,도봉구청,02-2091-2991,2019-06-25
"창2C4130",01,05,도봉로104길 142-9,서울특별시 도봉구 도봉로104길 142-9,,37.6442685,127.0398267,03,Y,N,N,,2014,2018-12-31,Y,도봉구청,02-2091-2991,2019-06-25
"창2C4131",01,05,덕릉로53길 86,서울특별시 도봉구 덕릉로53길 86,,37.64083747,127.0343761,03,Y,N,N,,2014,2018-12-31,Y,도봉구청,02-2091-2991,2019-06-25
"창3C4097",01,05,덕릉로60길 135-70,서울특별시 도봉구 덕릉로60길 135-70,,37.6346659,127.0434433,03,Y,N,N,,2014,2018-12-31,Y,도봉구청,02-2091-2991,2019-06-25
"창3C4098",01,05,우이천로 138,서울특별시 도봉구 우이천로 138,,37.6332235,127.039689,03,Y,N,N,,2014,2018-12-31,Y,도봉구청,02-2091-2991,2019-06-25
"창3C4099",01,05,우이천로 156,서울특별시 도봉구 우이천로 156,,37.6346442,127.0386703,03,Y,N,N,,2014,2018-12-31,Y,도봉구청,02-2091-2991,2019-06-25
"창3C4104",01,05,덕릉로60길 78,서울특별시 도봉구 덕릉로60길 78,,37.6367761,127.0408964,03,Y,N,N,,2014,2018-12-31,Y,도봉구청,02-2091-2991,2019-06-25
"창3C4114",01,05,우이천로 186-9,서울특별시 도봉구 우이천로 186-9,,37.637292,127.0373048,03,Y,N,N,,2014,2018-12-31,Y,도봉구청,02-2091-2991,2019-06-25
"창3C4115",01,05,덕릉로60바길 26(창동한신아파트 입구),서울특별시 도봉구 덕릉로60바길 26,,37.6388731,127.0414813,03,Y,N,N,,2014,2018-12-31,Y,도봉구청,02-2091-2991,2019-06-25
"창3C4116",01,05,덕릉로60카길 29-1,서울특별시 도봉구 덕릉로60카길 29-1,,37.6378246,127.0419604,03,Y,N,N,,2014,2018-12-31,Y,도봉구청,02-2091-2991,2019-06-25
"창3C4117",01,05,도봉로104길 111(아모르캐스빌 앞),서울특별시 도봉구 도봉로104길 111,,37.6441479,127.0379563,03,Y,N,N,,2014,2018-12-31,Y,도봉구청,02-2091-2991,2019-06-25
"창3C4119",01,05,덕릉로58길 3-4 맞은편,서울특별시 도봉구 덕릉로58길 3-4,,37.638821,127.0389552,03,Y,N,N,,2014,2018-12-31,Y,도봉구청,02-2091-2991,2019-06-25
"창3C4121",01,05,우이천로4나길 26 앞,서울특별시 도봉구 우이천로4나길 26,,37.6348431,127.0400828,03,Y,N,N,,2014,2018-12-31,Y,도봉구청,02-2091-2991,2019-06-25
"창3C4052",01,05,덕릉로 60다길 40 도넛스토리,서울특별시 도봉구 덕릉로 60다길 40,,37.6373221,127.0388941,03,Y,N,N,,2014,2018-12-31,Y,도봉구청,02-2091-2991,2019-06-25
"창3C4053",01,05,덕릉로 54길 37-8,서울특별시 도봉구 덕릉로 54길 37-8,,37.6362544,127.0386733,03,Y,N,N,,2014,2018-12-31,Y,도봉구청,02-2091-2991,2019-06-25
"창3C4054",01,05,우이천로 12길 29 고기굽는마을,서울특별시 도봉구 우이천로 12길 29,,37.6362322,127.039708,03,Y,N,N,,2014,2018-12-31,Y,도봉구청,02-2091-2991,2019-06-25
"창3C4059",01,05,우이천로6길 20 단독주택 전신주,서울특별시 도봉구 우이천로6길 20,,37.6341424,127.0392307,03,Y,N,N,,2014,2018-12-31,Y,도봉구청,02-2091-2991,2019-06-25
"창3C4060",01,05,덕릉로54가길 11 주택 옆,서울특별시 도봉구 덕릉로54가길 11,,37.6378729,127.0382615,03,Y,N,N,,2014,2018-12-31,Y,도봉구청,02-2091-2991,2019-06-25
"창3C4061",01,05,우이천로 4가길 14 동원연립 앞,서울특별시 도봉구 우이천로 4가길 14,,37.6341529,127.0398526,03,Y,N,N,,2014,2018-12-31,Y,도봉구청,02-2091-2991,2019-06-25
"창3C4072",01,05,덕릉로62길60,서울특별시 도봉구 덕릉로62길 60,,37.639304,127.0423969,03,Y,N,N,,2014,2018-12-31,Y,도봉구청,02-2091-2991,2019-06-25
"창3C4073",01,05,덕릉로60라길14,서울특별시 도봉구 덕릉로60라길 14,,37.637776,127.0398683,03,Y,N,N,,2014,2018-12-31,Y,도봉구청,02-2091-2991,2019-06-25
"창3C4074",01,05,덕릉로54길45,서울특별시 도봉구 덕릉로54길 45,,37.6361908,127.0382753,03,Y,N,N,,2014,2018-12-31,Y,도봉구청,02-2091-2991,2019-06-25
"창3C4075",01,05,우이천로10길24,서울특별시 도봉구 우이천로10길 24,,37.6354141,127.0396075,03,Y,N,N,,2014,2018-12-31,Y,도봉구청,02-2091-2991,2019-06-25
"창3C4076",01,05,덕릉로60길 120-3,서울특별시 도봉구 덕릉로60길 120-3,,37.6349019,127.0421067,03,Y,N,N,,2014,2018-12-31,Y,도봉구청,02-2091-2991,2019-06-25
"창3C4126",01,05,덕릉로60다길 7(피부사랑 화장품),서울특별시 도봉구 덕릉로60다길 7,,37.6383713,127.0400465,03,Y,N,N,,2014,2018-12-31,Y,도봉구청,02-2091-2991,2019-06-25
"창3C4132",01,05,우이천로12길 46-1,서울특별시 도봉구 우이천로12길 46-1,,37.6364534,127.0407634,03,Y,N,N,,2014,2018-12-31,Y,도봉구청,02-2091-2991,2019-06-25
"창4C4110",01,05,노해로 397(하이마트 뒤편 삼거리 도봉경찰서 담벼락),서울특별시 도봉구 노해로 397,,37.6528825,127.0521035,03,Y,N,N,,2014,2018-12-31,Y,도봉구청,02-2091-2991,2019-06-25
"창4C4078",01,05,도봉로136길 80,서울특별시 도봉구 도봉로136길 80,,37.6593103,127.045599,03,Y,N,N,,2014,2018-12-31,Y,도봉구청,02-2091-2991,2019-06-25
"창4C4079",01,05,마들로 13길 153,서울특별시 도봉구 마들로 13길 153,,37.657013,127.0462042,03,Y,N,N,,2014,2018-12-31,Y,도봉구청,02-2091-2991,2019-06-25
"창4C4085",01,05,마들로 11가길 13-6,서울특별시 도봉구 마들로 11가길 13-6,,37.6526645,127.049527,03,Y,N,N,,2014,2018-12-31,Y,도봉구청,02-2091-2991,2019-06-25
"창4C4089",01,05,노해로69길 25,서울특별시 도봉구 노해로69길 25,,37.6535673,127.0504176,03,Y,N,N,,2014,2018-12-31,Y,도봉구청,02-2091-2991,2019-06-25
"창5C4006",01,05,노해로 63다길 7-17 창동숯불갈비,서울특별시 도봉구 노해로 63다길 7-17,,37.653428,127.0461117,03,Y,N,N,,2018,2018-12-31,Y,도봉구청,02-2091-2991,2019-06-25
"창5C4093",01,05,해등로16길 52,서울특별시 도봉구 해등로16길 52,,37.6550624,127.0426558,03,Y,N,N,,2018,2018-12-31,Y,도봉구청,02-2091-2991,2019-06-25
"창5C4100",01,05,해등로16길 81,서울특별시 도봉구 해등로16길 81,,37.6551924,127.0446861,03,Y,N,N,,2018,2018-12-31,Y,도봉구청,02-2091-2991,2019-06-25
"창5C4101",01,05,도봉로134길 28,서울특별시 도봉구 도봉로134길 28,,37.6571718,127.0417821,03,Y,N,N,,2018,2018-12-31,Y,도봉구청,02-2091-2991,2019-06-25
"창5C4111",01,05,노해로61길 3-3,서울특별시 도봉구 노해로61길 3-3,,37.6518324,127.0373597,03,Y,N,N,,2018,2018-12-31,Y,도봉구청,02-2091-2991,2019-06-25
"창5C4120",01,05,노해로 279-42,서울특별시 도봉구 노해로 279-42,,37.6522131,127.0394059,03,Y,N,N,,2018,2018-12-31,Y,도봉구청,02-2091-2991,2019-06-25
"창5C4047",01,05,도봉로 136나길 20 주민센터 정자앞,서울특별시 도봉구 도봉로 136나길 20,,37.6562098,127.0434809,03,Y,N,N,,2018,2018-12-31,Y,도봉구청,02-2091-2991,2019-06-25
"창5C4055",01,05,도봉로 140길 15-6 플러스캐슬빌라옆,서울특별시 도봉구 도봉로 140길 15-6,,37.6612036,127.0431856,03,Y,N,N,,2018,2018-12-31,Y,도봉구청,02-2091-2991,2019-06-25
"창5C4081",01,05,도봉로126길 33,서울특별시 도봉구 도봉로126길 33,,37.6524689,127.0392859,03,Y,N,N,,2018,2018-12-31,Y,도봉구청,02-2091-2991,2019-06-25
"창5C4082",01,05,도봉로130길31,서울특별시 도봉구 도봉로130길 31,,37.6542347,127.040265,03,Y,N,N,,2018,2018-12-31,Y,도봉구청,02-2091-2991,2019-06-25
"창5C4083",01,05,해등로16다길14,서울특별시 도봉구 해등로16다길 14,,37.6542537,127.0434924,03,Y,N,N,,2018,2018-12-31,Y,도봉구청,02-2091-2991,2019-06-25
"창5C4084",01,05,노해로 269-13,서울특별시 도봉구 노해로 269-13,,37.6521421,127.0384345,03,Y,N,N,,2018,2018-12-31,Y,도봉구청,02-2091-2991,2019-06-25
"창5C4087",01,05,노해로63나길 8-6,서울특별시 도봉구 노해로63나길 8-6,,37.6541631,127.0448648,03,Y,N,N,,2018,2018-12-31,Y,도봉구청,02-2091-2991,2019-06-25
"창5C4090",01,05,도봉로134길 12-6,서울특별시 도봉구 도봉로134길 12-6,,37.6571748,127.0405955,03,Y,N,N,,2018,2018-12-31,Y,도봉구청,02-2091-2991,2019-06-25
"창5C4128",01,05,도봉로552(도봉구민회관),서울특별시 도봉구 도봉로552,,37.6540005,127.0386044,03,Y,N,N,,2018,2018-12-31,Y,도봉구청,02-2091-2991,2019-06-25
"창5C4129",01,05,노해로63다길 62(브래뉴 부동산 골목),서울특별시 도봉구 노해로63다길 62,,37.6555388,127.0455238,03,Y,N,N,,2018,2018-12-31,Y,도봉구청,02-2091-2991,2019-06-25
"창5C4133",01,05,해등로16길 52-9,서울특별시 도봉구 해등로16길 52-9,,37.65488646,127.0427867,03,Y,N,N,,2018,2018-12-31,Y,도봉구청,02-2091-2991,2019-06-25
S001,01,05,마들로 859-44 누원초교 정문 입구,서울특별시 도봉구 마들로 859-44,,37.6869304,127.0490694,03,Y,N,N,,2010,2018-12-31,Y,도봉구청,02-2091-2991,2019-06-25
S002,01,05,마들로 859-44 누원초교 후문 건널목 앞,서울특별시 도봉구 마들로 859-44,,37.6869304,127.0490694,03,Y,N,N,,2010,2018-12-31,Y,도봉구청,02-2091-2991,2019-06-25
S003,01,05,방학로10길 10 세븐일레븐앞,서울특별시 도봉구 방학로10길 10,,37.6628276,127.033066,03,Y,N,N,,2010,2018-12-31,Y,도봉구청,02-2091-2991,2019-06-25
S004,01,05,시루봉로 188 방학초교 후문입구 길 건너편,서울특별시 도봉구 시루봉로 188,,37.6653358,127.0316064,03,Y,N,N,,2010,2018-12-31,Y,도봉구청,02-2091-2991,2019-06-25
S005,01,05,방학로 32-28 창도초교 후문 앞 삼거리,서울특별시 도봉구 방학로 32-28,,37.663831,127.0490956,03,Y,N,N,,2010,2018-12-31,Y,도봉구청,02-2091-2991,2019-06-25
S006,01,05,방학로 32-28 창도초교 정문 앞 사거리,서울특별시 도봉구 방학로 32-28,,37.663831,127.0490956,03,Y,N,N,,2010,2018-12-31,Y,도봉구청,02-2091-2991,2019-06-25
S007,01,05,방학로 32-28 창도초교 정-후문 간 교차로,서울특별시 도봉구 방학로 32-28,,37.663831,127.0490956,03,Y,N,N,,2010,2018-12-31,Y,도봉구청,02-2091-2991,2019-06-25
S008,01,05,해등로16길 70 맞은편 창동초등학교 담장펜슬안쪽,서울특별시 도봉구 해등로16길 70,,37.6548062,127.0437289,03,Y,N,N,,2010,2018-12-31,Y,도봉구청,02-2091-2991,2019-06-25
S009,01,05,노해로63다길 53 창동초교 후문 주차장 해피네일아트,서울특별시 도봉구 노해로63다길 53,,37.6551344,127.0456536,03,Y,N,N,,2010,2018-12-31,Y,도봉구청,02-2091-2991,2019-06-25
S010,01,05,해등로 109 창원초교 한국유통 농축산물 유통센타 맞은편,서울특별시 도봉구 해등로 109,,37.653293,127.0407996,03,Y,N,N,,2010,2018-12-31,Y,도봉구청,02-2091-2991,2019-06-25
S011,01,05,해등로 103 창원초교 주차장옆 횡단보도앞,서울특별시 도봉구 해등로 103,,37.6525531,127.040553,03,Y,N,N,,2010,2018-12-31,Y,도봉구청,02-2091-2991,2019-06-25
S012,01,05,해등로 103 창원초교 정문오른쪽 큰 사거리앞,서울특별시 도봉구 해등로 103,,37.6525531,127.040553,03,Y,N,N,,2010,2018-12-31,Y,도봉구청,02-2091-2991,2019-06-25
S013,01,05,해등로32길 8 우성아파트 101동 좌측 초당초교 사잇길,서울특별시 도봉구 해등로32길 8,,37.65790127,127.0229377,03,Y,N,N,,2010,2018-12-31,Y,도봉구청,02-2091-2991,2019-06-25
S014,01,05,시루봉로 53 동북초교 정문앞 건널목 삼거리,서울특별시 도봉구 시루봉로 53,,37.655351,127.0268289,03,Y,N,N,,2010,2018-12-31,Y,도봉구청,02-2091-2991,2019-06-25
S015,01,05,도봉로 169가길 33 북서울중학교,서울특별시 도봉구 도봉로 169가길 33,,37.6813005,127.0430239,03,Y,N,N,,2010,2018-12-31,Y,도봉구청,02-2091-2991,2019-06-25
S016,01,05,우이천로4라길 29 신화초교 후문 세븐일레븐 앞,서울특별시 도봉구 우이천로4라길 29,,37.6327727,127.0421000,03,Y,N,N,,2010,2018-12-31,Y,도봉구청,02-2091-2991,2019-06-25
S017,01,05,도봉로173다길 1 도봉초교 정문 왼쪽옆 삼거리,서울특별시 도봉구 도봉로173다길 1,,37.6787241,127.037773,03,Y,N,N,,2010,2018-12-31,Y,도봉구청,02-2091-2991,2019-06-25
S018,01,05,도봉로171길 50 빌라앞 전주,서울특별시 도봉구 도봉로171길 50,,37.6789254,127.0411317,03,Y,N,N,,2010,2018-12-31,Y,도봉구청,02-2091-2991,2019-06-25
S019,01,05,시루봉로 173 신방학초교 정문 출입구 앞 사거리,서울특별시 도봉구 시루봉로 173,,37.6659578,127.0292294,03,Y,N,N,,2010,2018-12-31,Y,도봉구청,02-2091-2991,2019-06-25
S020,01,05,시루봉로 191-1 미리내분식 신방학초교 통학로 사거리,서울특별시 도봉구 시루봉로 191-1,,37.6665254,127.0319616,03,Y,N,N,,2010,2018-12-31,Y,도봉구청,02-2091-2991,2019-06-25
S021,01,05,해등로 286-5 방학우성아파트 103동 통학로 삼거리,서울특별시 도봉구 해등로 286-5,,37.65772804,127.0241616,03,Y,N,N,,2010,2018-12-31,Y,도봉구청,02-2091-2991,2019-06-25
S022,01,05,"해등로32길 11 초당초교 후문 신동아APT 107,109동사이",서울특별시 도봉구 해등로32길 11,,37.6584988,127.0221014,03,Y,N,N,,2010,2018-12-31,Y,도봉구청,02-2091-2991,2019-06-25
S023,01,05,시루봉로 67 선덕중교 후문 파리바케트빵집 맞은편,서울특별시 도봉구 시루봉로 67,,37.65683712,127.0275793,03,Y,N,N,,2010,2018-12-31,Y,도봉구청,02-2091-2991,2019-06-25
S024,01,05,시루봉로2길 62 미라보아파트 정문 근처,서울특별시 도봉구 시루봉로2길 62,,37.65509906,127.0314135,03,Y,N,N,,2010,2018-12-31,Y,도봉구청,02-2091-2991,2019-06-25
S025,01,05,노해로57길 94 창경초교 정문옆쪽 정자앞 사거리,서울특별시 도봉구 노해로57길 94,,37.6551241,127.0346426,03,Y,N,N,,2010,2018-12-31,Y,도봉구청,02-2091-2991,2019-06-25
S026,01,05,"해등로25길 32 창경초교,한양아파트5차 한양플라자슈퍼 맞은편",서울특별시 도봉구 해등로25길 32,,37.6564435,127.0328054,03,Y,N,N,,2010,2018-12-31,Y,도봉구청,02-2091-2991,2019-06-25
S027,01,05,노해로 209-25 한신초교 정문 옆 삼거리,서울특별시 도봉구 노해로 209-25,,37.6521348,127.0312645,03,Y,N,N,,2010,2018-12-31,Y,도봉구청,02-2091-2991,2019-06-25
S028,01,05,노해로45길 17 숭미초교 후문,서울특별시 도봉구 노해로45길 17,,37.650366,127.0269914,03,Y,N,N,,2010,2018-12-31,Y,도봉구청,02-2091-2991,2019-06-25
S029,01,05,시루봉로 2 숭미초교 삼거리,서울특별시 도봉구 시루봉로 2,,37.6511284,127.0287573,03,Y,N,N,,2010,2018-12-31,Y,도봉구청,02-2091-2991,2019-06-25
S030,01,05,도봉로109길 121 대광사 모퉁이,서울특별시 도봉구 도봉로109길 121,,37.6494765,127.0291573,03,Y,N,N,,2010,2018-12-31,Y,도봉구청,02-2091-2991,2019-06-25
S031,01,05,우이천로 356 쌍문초교 우리문방구앞,서울특별시 도봉구 우이천로 356,,37.6478769,127.0248538,03,Y,N,N,,2010,2018-12-31,Y,도봉구청,02-2091-2991,2019-06-25
S032,01,05,우이천로32길 22 쌍문초교 광진빌라앞,서울특별시 도봉구 우이천로32길 22,,37.6486895,127.0254971,03,Y,N,N,,2010,2018-12-31,Y,도봉구청,02-2091-2991,2019-06-25
S033,01,05,삼양로146길 17 백운초교정문 출입구,서울특별시 도봉구 삼양로146길 17,,37.6532035,127.0139875,03,Y,N,N,,2010,2018-12-31,Y,도봉구청,02-2091-2991,2019-06-25
S034,01,05,삼양로146길 17 백운초교후문 앞 삼거리,서울특별시 도봉구 삼양로146길 17,,37.6532035,127.0139875,03,Y,N,N,,2010,2018-12-31,Y,도봉구청,02-2091-2991,2019-06-25
S035,01,05,덕릉로60길 89 신창초교 정문 모닝글로리앞,서울특별시 도봉구 덕릉로60길 89,,37.6362984,127.0413206,03,Y,N,N,,2010,2018-12-31,Y,도봉구청,02-2091-2991,2019-06-25
S036,01,05,덕릉로60길 109-64 신창초교 뒤 삼거리,서울특별시 도봉구 덕릉로60길 109-64,,37.6355893,127.0429816,03,Y,N,N,,2010,2018-12-31,Y,도봉구청,02-2091-2991,2019-06-25
S037,01,05,노해로384 동아아파트 6동 삼거리앞,서울특별시 도봉구 노해로384,,37.65194239,127.0510029,03,Y,N,N,,2010,2018-12-31,Y,도봉구청,02-2091-2991,2019-06-25
S038,01,05,노해로70길 96 월천초교 정문앞,서울특별시 도봉구 노해로70길 96,,37.6478402,127.0522016,03,Y,N,N,,2010,2018-12-31,Y,도봉구청,02-2091-2991,2019-06-25
S039,01,05,노해로66길 60 창일중 후문쪽 창동주공아파트 321동앞 삼거리,서울특별시 도봉구 노해로66길 60,,37.6488018,127.0465188,03,Y,N,N,,2010,2018-12-31,Y,도봉구청,02-2091-2991,2019-06-25
S040,01,05,덕릉로 358 녹천지하차도앞 삼거리,서울특별시 도봉구 덕릉로 358,,37.6450735,127.0487682,03,Y,N,N,,2010,2018-12-31,Y,도봉구청,02-2091-2991,2019-06-25
S041,01,05,마들로 556 순복음 한성교회앞 삼거리,서울특별시 도봉구 마들로 556,,37.6606773,127.0490848,03,Y,N,N,,2010,2018-12-31,Y,도봉구청,02-2091-2991,2019-06-25
S042,01,05,마들로13길 166 자운초교 정문 진입로 입구 삼거리,서울특별시 도봉구 마들로13길 166,,37.6577174,127.0463946,03,Y,N,N,,2010,2018-12-31,Y,도봉구청,02-2091-2991,2019-06-25
"쌍문1S314",01,05,삼양로 144가길 58 대성하이츠빌라 앞,서울특별시 도봉구 삼양로 144가길 58,,37.6541464,127.014689,03,Y,N,N,,2018,2018-12-31,Y,도봉구청,02-2091-2991,2019-06-25
"쌍문2S315",01,05,방학로3길71 앞사거리 소망부동산,서울특별시 도봉구 방학로3길71,,37.6597173,127.0400142,03,Y,N,N,,2018,2018-12-31,Y,도봉구청,02-2091-2991,2019-06-25
"쌍문4S316",01,05,해등로 241-14 국민은행 365 앞,서울특별시 도봉구 해등로 241-14,,37.656669,127.0295385,03,Y,N,N,,2016,2018-12-31,Y,도봉구청,02-2091-2991,2019-06-25
"쌍문4S317",01,05,해등로26길20 발바닥공원 입구,서울특별시 도봉구 해등로26길 20,,37.65868091,127.0330969,03,Y,N,N,,2016,2018-12-31,Y,도봉구청,02-2091-2991,2019-06-25
"쌍문4S318",01,05,시루봉로6길86 현대2차A 202동 담벼락,서울특별시 도봉구 시루봉로6길 86,,37.65917489,127.0322131,03,Y,N,N,,2016,2018-12-31,Y,도봉구청,02-2091-2991,2019-06-25
"방학1S211",01,05,마들로 620 사랑유치원앞 횡단보도,서울특별시 도봉구 마들로 620,,37.66543008,127.0466689,03,Y,N,N,,2018,2018-12-31,Y,도봉구청,02-2091-2991,2019-06-25
"방학2S212",01,05,방학로10길39 신우빌라 2동 정문입구,서울특별시 도봉구 방학로10길 39,,37.66441824,127.0335256,03,Y,N,N,,2018,2018-12-31,Y,도봉구청,02-2091-2991,2019-06-25
"방학2S213",01,05,도당로 9길44-23 나래아트빌 맞은편,서울특별시 도봉구 도당로 9길 44-23,,37.6635863,127.0313141,03,Y,N,N,,2018,2018-12-31,Y,도봉구청,02-2091-2991,2019-06-25
"방학3S214",01,05,방학로15길26 김수영문학관,서울특별시 도봉구 방학로15길 26,,37.66021838,127.0240083,03,Y,N,N,,2018,2018-12-31,Y,도봉구청,02-2091-2991,2019-06-25
"방학3S215",01,05,방학로15길5 청수한방삼계탕 앞,서울특별시 도봉구 방학로15길 5,,37.6611128,127.0242954,03,Y,N,N,,2018,2018-12-31,Y,도봉구청,02-2091-2991,2019-06-25
"방학3S216",01,05,시루봉로 107 신동아1단지A 24동 CU편의점 앞,서울특별시 도봉구 시루봉로 107,,37.6609614,127.0265811,03,Y,N,N,,2018,2018-12-31,Y,도봉구청,02-2091-2991,2019-06-25
"쌍문4S319",01,05,시루봉로 71 케이마트 앞,서울특별시 도봉구 시루봉로 71,,37.65716147,127.027593,03,Y,N,N,,2016,2018-12-31,Y,도봉구청,02-2091-2991,2019-06-25
"창1S416",01,05,노해로 264 프로모터스 맞은편,서울특별시 도봉구 노해로 264,,37.6511254,127.0375116,03,Y,N,N,,2018,2018-12-31,Y,도봉구청,02-2091-2991,2019-06-25
"창1S417",01,05,해등로 71 금호빌라 앞,서울특별시 도봉구 해등로 71,,37.6496589,127.0413200,03,Y,N,N,,2018,2018-12-31,Y,도봉구청,02-2091-2991,2019-06-25
"창1S418",01,05,해등로45 창1동 치안센터 앞,서울특별시 도봉구 해등로45,,37.6480524,127.0434325,03,Y,N,N,,2018,2018-12-31,Y,도봉구청,02-2091-2991,2019-06-25
"창2S419",01,05,덕릉로59아길 17 대우A 101동 앞,서울특별시 도봉구 덕릉로59아길 17,,37.64192114,127.0380114,03,Y,N,N,,2014,2018-12-31,Y,도봉구청,02-2091-2991,2019-06-25
"창2S420",01,05,덕릉로63길47 윤주성도시락,서울특별시 도봉구 덕릉로63길 47,,37.6434712,127.0402800,03,Y,N,N,,2014,2018-12-31,Y,도봉구청,02-2091-2991,2019-06-25
"창2S421",01,05,덕릉로59길16 T월드 핸폰가게 앞,서울특별시 도봉구 덕릉로59길 16,,37.6405609,127.0387345,03,Y,N,N,,2014,2018-12-31,Y,도봉구청,02-2091-2991,2019-06-25
"창3S422",01,05,우이천로4길31 파리바게트앞 신호등,서울특별시 도봉구 우이천로4길 31,,37.6340764,127.0410829,03,Y,N,N,,2014,2018-12-31,Y,도봉구청,02-2091-2991,2019-06-25
"창3S423",01,05,우이천로 120 신화초교정문 횡단보도,서울특별시 도봉구 우이천로 120,,37.6326698,127.0408596,03,Y,N,N,,2014,2018-12-31,Y,도봉구청,02-2091-2991,2019-06-25
"창3S424",01,05,덕릉로60길49-1 닭삼(닭갈비집) 앞,서울특별시 도봉구 덕릉로60길49-1,,37.6380135,127.0406992,03,Y,N,N,,2014,2018-12-31,Y,도봉구청,02-2091-2991,2019-06-25
"창3S425",01,05,덕릉로268 오장동숯불갈비 앞,서울특별시 도봉구 덕릉로268,,37.6409615,127.0407904,03,Y,N,N,,2014,2018-12-31,Y,도봉구청,02-2091-2991,2019-06-25
"창3S426",01,05,마들로 574 신현대공인중개사,서울특별시 도봉구 마들로 574,,37.6614812,127.0475388,03,Y,N,N,,2014,2018-12-31,Y,도봉구청,02-2091-2991,2019-06-25
"창5S427",01,05,도봉로136길61 가인지하차도 상부,서울특별시 도봉구 도봉로136길61,,37.6598906,127.0443800,03,Y,N,N,,2018,2018-12-31,Y,도봉구청,02-2091-2991,2019-06-25
"창5S428",01,05,노해로63가길41 창동초 사거리,서울특별시 도봉구 노해로63가길41,,37.6544843,127.0451485,03,Y,N,N,,2018,2018-12-31,Y,도봉구청,02-2091-2991,2019-06-25
"창5S429",01,05,해등로16길35 한신부동산 앞,서울특별시 도봉구 해등로16길35,,37.655472,127.042051,03,Y,N,N,,2018,2018-12-31,Y,도봉구청,02-2091-2991,2019-06-25
"창5S430",01,05,해등로12길40 서광부동산 앞,서울특별시 도봉구 해등로12길40,,37.6528547,127.0430751,03,Y,N,N,,2018,2018-12-31,Y,도봉구청,02-2091-2991,2019-06-25
"도봉1S104",01,05,도봉산3길 21 도봉고교후문,서울특별시 도봉구 도봉산3길 21,,37.6863357,127.043941,03,Y,N,N,,2010,2018-12-31,Y,도봉구청,02-2091-2991,2019-06-25
"창5S431",01,05,노해로63가길101 삼풍유치원 앞,서울특별시 도봉구 노해로63가길101,,37.656749,127.0456386,03,Y,N,N,,2018,2018-12-31,Y,도봉구청,02-2091-2991,2019-06-25
"도봉1S105",01,05,시루봉로299 도봉교회 앞,서울특별시 도봉구 시루봉로299,,37.6713423,127.0423469,03,Y,N,N,,2010,2018-12-31,Y,도봉구청,02-2091-2991,2019-06-25
"쌍문1S320",01,05,노해로 149 쌍문어린이집,서울특별시 도봉구 노해로 149,,37.6481212,127.0261878,03,Y,N,N,,2018,2018-12-31,Y,도봉구청,02-2091-2991,2019-06-25
"쌍문2S321",01,05,도봉로 129길 23 창경초교,서울특별시 도봉구 도봉로 129길 23,,37.6552803,127.0369888,03,Y,N,N,,2018,2018-12-31,Y,도봉구청,02-2091-2991,2019-06-25
"쌍문2S322",01,05,방학로 3길 96 세인어린이집,서울특별시 도봉구 방학로 3길 96,,37.6588561,127.0391583,03,Y,N,N,,2018,2018-12-31,Y,도봉구청,02-2091-2991,2019-06-25
"쌍문3S324",01,05,노해로 243 삼성어린이집,서울특별시 도봉구 노해로 243,,37.6514045,127.0351735,03,Y,N,N,,2018,2018-12-31,Y,도봉구청,02-2091-2991,2019-06-25
"쌍문2S323",01,05,노해로 217 예근어린이집,서울특별시 도봉구 노해로 217,,37.6512458,127.0324014,03,Y,N,N,,2018,2018-12-31,Y,도봉구청,02-2091-2991,2019-06-25
"방학3S217",01,05,시루봉로 5길 38 신학초교,서울특별시 도봉구 시루봉로 5길 38,,37.65853501,127.0255989,03,Y,N,N,,2018,2018-12-31,Y,도봉구청,02-2091-2991,2019-06-25
"창1S432",01,05,노해로 66길 95 창일초교,서울특별시 도봉구 노해로 66길 95,,37.6471012,127.0485995,03,Y,N,N,,2018,2018-12-31,Y,도봉구청,02-2091-2991,2019-06-25
"창3S433",01,05,덕릉로 62길 38 행복둥지어린이집,서울특별시 도봉구 덕릉로 62길 38,,37.6397587,127.0418041,03,Y,N,N,,2014,2018-12-31,Y,도봉구청,02-2091-2991,2019-06-25
"창4S434",01,05,노해로 70길 119 월천초교,서울특별시 도봉구 노해로 70길 119,,37.6468384,127.0539005,03,Y,N,N,,2018,2018-12-31,Y,도봉구청,02-2091-2991,2019-06-25
"창4S435",01,05,노해로 69길 151 청아유치원,서울특별시 도봉구 노해로 69길 151,,37.6590072,127.0494699,03,Y,N,N,,2018,2018-12-31,Y,도봉구청,02-2091-2991,2019-06-25
"도봉1S106",01,05,도봉로 169길 97 도봉초교,서울특별시 도봉구 도봉로 169길 97,,37.6783081,127.0406748,03,Y,N,N,,2010,2018-12-31,Y,도봉구청,02-2091-2991,2019-06-25
"도봉1S107",01,05,도봉로 169나길 39 하늘빛어린이집,서울특별시 도봉구 도봉로 169나길 39,,37.677854,127.0437903,03,Y,N,N,,2010,2018-12-31,Y,도봉구청,02-2091-2991,2019-06-25
"방1S218",01,05,"방학로5길 26(쌍문2동 8-25, 쌍룡수산 맞은편)",서울특별시 도봉구 방학로5길 26,,37.6615585,127.0376319,03,Y,N,N,,2018,2018-12-31,Y,도봉구청,02-2091-2991,2019-06-25
"방3S219",01,05,"방학로11길 24(방학3동 731-1, 방학3동 어린이집앞)",서울특별시 도봉구 방학로11길 24,,37.6612058,127.0324172,03,Y,N,N,,2018,2018-12-31,Y,도봉구청,02-2091-2991,2019-06-25
"창4S436",01,05,마들로 339-5(창4동 어린이집 시점 표지판 앞),서울특별시 도봉구 마들로 339-5,,37.6423838,127.0536828,03,Y,N,N,,2018,2018-12-31,Y,도봉구청,02-2091-2991,2019-06-25
"창2S437",01,05,"덕릉로59아길 17(창2동 804, 한별유치원)",서울특별시 도봉구 덕릉로59아길 17,,37.64192114,127.0380114,03,Y,N,N,,2014,2018-12-31,Y,도봉구청,02-2091-2991,2019-06-25
"창2S438",01,05,"덕릉로59길 73-9(창2동 632-74, 창2동 어린이집 앞)",서울특별시 도봉구 덕릉로59길 73-9,,37.6412117,127.0354504,03,Y,N,N,,2014,2018-12-31,Y,도봉구청,02-2091-2991,2019-06-25
"쌍문1S325",01,05,우이천로34길 33,서울특별시 도봉구 우이천로34길 33,,37.650333,127.0239729,03,Y,N,N,,2018,2018-12-31,Y,도봉구청,02-2091-2991,2019-06-25
"쌍문2S326",01,05,도당로2길 23,서울특별시 도봉구 도당로2길 23,,37.6594784,127.036352,03,Y,N,N,,2018,2018-12-31,Y,도봉구청,02-2091-2991,2019-06-25
"창4S439",01,05,마들로 579-19,서울특별시 도봉구 마들로 579-19,,37.6615891,127.0452774,03,Y,N,N,,2018,2018-12-31,Y,도봉구청,02-2091-2991,2019-06-25
"도봉1S108",01,05,평화로15번길 9-25,서울특별시 도봉구 평화로15번길 9-25,,37.6945202,127.0421215,03,Y,N,N,,2010,2018-12-31,Y,도봉구청,02-2091-2991,2019-06-25
"방학2S220",01,05,시루봉로 276 오봉초등학교 사거리,서울특별시 도봉구 시루봉로 276,,37.67077359,127.0398487,03,Y,N,N,,2018,2018-12-31,Y,도봉구청,02-2091-2991,2019-06-25
P129,01,05,해등로3길 48-11 (창골운동장1)(회전형),서울특별시 도봉구 해등로3길 48-11,,37.6474261,127.0414291,03,Y,N,N,,2010,2018-12-31,Y,도봉구청,02-2091-2991,2019-06-25
P130,01,05,해등로3길 48-11 (창골운동장2)(회전형),서울특별시 도봉구 해등로3길 48-11,,37.6474261,127.0414291,03,Y,N,N,,2010,2018-12-31,Y,도봉구청,02-2091-2991,2019-06-25
P131,01,05,해등로3길 48-11 (창골운동장3)(회전형),서울특별시 도봉구 해등로3길 48-11,,37.6474261,127.0414291,03,Y,N,N,,2010,2018-12-31,Y,도봉구청,02-2091-2991,2019-06-25
P132,01,05,해등로3길 48-11 (창골운동장4)(회전형),서울특별시 도봉구 해등로3길 48-11,,37.6474261,127.0414291,03,Y,N,N,,2010,2018-12-31,Y,도봉구청,02-2091-2991,2019-06-25
P133,01,05,해등로3길 48-11 (창골운동장5)(회전형),서울특별시 도봉구 해등로3길 48-11,,37.6474261,127.0414291,03,Y,N,N,,2010,2018-12-31,Y,도봉구청,02-2091-2991,2019-06-25
"방학3P175",01,05,시루봉로6길 33 (발바닥공원),서울특별시 도봉구 시루봉로6길 33,,37.6596782,127.0296263,03,Y,N,N,,2018,2018-12-31,Y,도봉구청,02-2091-2991,2019-06-25
"방학3P176",01,05,시루봉로6길 33 (발바닥공원),서울특별시 도봉구 시루봉로6길 33,,37.6596782,127.0296263,03,Y,N,N,,2018,2018-12-31,Y,도봉구청,02-2091-2991,2019-06-25
"방학3P177",01,05,시루봉로6길 33 (발바닥공원),서울특별시 도봉구 시루봉로6길 33,,37.6596782,127.0296263,03,Y,N,N,,2018,2018-12-31,Y,도봉구청,02-2091-2991,2019-06-25
"방학3P179",01,05,시루봉로 94(발바닥공원),서울특별시 도봉구 시루봉로 94,,37.6591413,127.0279921,03,Y,N,N,,2018,2018-12-31,Y,도봉구청,02-2091-2991,2019-06-25
"창4P182",01,05,마들로 13길 218 창4동 공공공지,서울특별시 도봉구 마들로 13길 218,,37.6599186,127.0453918,03,Y,N,N,,2018,2018-12-31,Y,도봉구청,02-2091-2991,2019-06-25
"도봉2P195",01,05,창포원로 45 (다락원체육공원),서울특별시 도봉구 창포원로 45,,37.69155112,127.0470118,03,Y,N,N,,2018,2018-12-31,Y,도봉구청,02-2091-2991,2019-06-25
"도봉2P196",01,05,창포원로 45 (다락원체육공원),서울특별시 도봉구 창포원로 45,,37.69155112,127.0470118,03,Y,N,N,,2018,2018-12-31,Y,도봉구청,02-2091-2991,2019-06-25
"도봉2P197",01,05,창포원로 45 (다락원체육공원),서울특별시 도봉구 창포원로 45,,37.69155112,127.0470118,03,Y,N,N,,2018,2018-12-31,Y,도봉구청,02-2091-2991,2019-06-25
"도봉2P198",01,05,창포원로 45 (다락원체육공원),서울특별시 도봉구 창포원로 45,,37.69155112,127.0470118,03,Y,N,N,,2018,2018-12-31,Y,도봉구청,02-2091-2991,2019-06-25
"도봉2P199",01,05,창포원로 45 (다락원체육공원),서울특별시 도봉구 창포원로 45,,37.69155112,127.0470118,03,Y,N,N,,2018,2018-12-31,Y,도봉구청,02-2091-2991,2019-06-25
"도봉2P200",01,05,창포원로 45 (다락원체육공원),서울특별시 도봉구 창포원로 45,,37.69155112,127.0470118,03,Y,N,N,,2018,2018-12-31,Y,도봉구청,02-2091-2991,2019-06-25
"도봉2P201",01,05,창포원로 45 (다락원체육공원),서울특별시 도봉구 창포원로 45,,37.69155112,127.0470118,03,Y,N,N,,2018,2018-12-31,Y,도봉구청,02-2091-2991,2019-06-25
"도봉2P202",01,05,창포원로 45 (다락원체육공원),서울특별시 도봉구 창포원로 45,,37.69155112,127.0470118,03,Y,N,N,,2018,2018-12-31,Y,도봉구청,02-2091-2991,2019-06-25
"도봉2P203",01,05,창포원로 45 (다락원체육공원),서울특별시 도봉구 창포원로 45,,37.69155112,127.0470118,03,Y,N,N,,2018,2018-12-31,Y,도봉구청,02-2091-2991,2019-06-25
"도봉2P204",01,05,창포원로 45 (다락원체육공원),서울특별시 도봉구 창포원로 45,,37.69155112,127.0470118,03,Y,N,N,,2018,2018-12-31,Y,도봉구청,02-2091-2991,2019-06-25
"창1P209",01,05,해등로3길 48-11(초안산근린공원 창골축구장),서울특별시 도봉구 해등로3길 48-11,,37.6474261,127.0414291,03,Y,N,N,,2018,2018-12-31,Y,도봉구청,02-2091-2991,2019-06-25
"창1P210",01,05,해등로3길 48-11(초안산근린공원 창골축구장),서울특별시 도봉구 해등로3길 48-11,,37.6474261,127.0414291,03,Y,N,N,,2018,2018-12-31,Y,도봉구청,02-2091-2991,2019-06-25
G002,01,05,도봉로109길 52 우성맨션,서울특별시 도봉구 도봉로109길 52,,37.6470823,127.0304485,03,Y,N,N,,2010,2018-12-31,Y,도봉구청,02-2091-2991,2019-06-25
G003,01,05,노해로54길 61,서울특별시 도봉구 노해로54길 61,,37.6481204,127.0318821,03,Y,N,N,,2010,2018-12-31,Y,도봉구청,02-2091-2991,2019-06-25
G004,01,05,도봉로117길 73 정원할인마트 앞,서울특별시 도봉구 도봉로117길 73,,37.6494897,127.030866,03,Y,N,N,,2010,2018-12-31,Y,도봉구청,02-2091-2991,2019-06-25
G005,01,05,시루봉로13길 54 섬김교회,서울특별시 도봉구 시루봉로13길 54,,37.6684053,127.0302573,03,Y,N,N,,2010,2018-12-31,Y,도봉구청,02-2091-2991,2019-06-25
G006,01,05,시루봉로13길 34 두예파크빌,서울특별시 도봉구 시루봉로13길 34,,37.6677588,127.0309651,03,Y,N,N,,2010,2018-12-31,Y,도봉구청,02-2091-2991,2019-06-25
G007,01,05,시루봉로15바길 13,서울특별시 도봉구 시루봉로15바길 13,,37.6685241,127.0312261,03,Y,N,N,,2010,2018-12-31,Y,도봉구청,02-2091-2991,2019-06-25
G008,01,05,시루봉로15라길 38-31,서울특별시 도봉구 시루봉로15라길 38-31,,37.6703749,127.0334362,03,Y,N,N,,2010,2018-12-31,Y,도봉구청,02-2091-2991,2019-06-25
G009,01,05,도봉로152가길 58 세움교회 앞,서울특별시 도봉구 도봉로152가길 58,,37.6720313,127.0445304,03,Y,N,N,,2010,2018-12-31,Y,도봉구청,02-2091-2991,2019-06-25
I016,01,05,도봉로109길 11 창동시장입구사거리 한전병원 진입로,서울특별시 도봉구 도봉로109길 11,,37.6466278,127.0325916,03,Y,N,N,,2010,2018-12-31,Y,도봉구청,02-2091-2991,2019-06-25
I017,01,05,도봉로152길 15 금강상운(렉시온오피스텔) 삼거리,서울특별시 도봉구 도봉로152길 15,,37.6697104,127.0447744,03,Y,N,N,,2010,2018-12-31,Y,도봉구청,02-2091-2991,2019-06-25
I019,01,05,마들로 664-17 도봉장애인복지관 건립예정지 앞,서울특별시 도봉구 마들로 664-17,,37.6695157,127.0474327,03,Y,N,N,,2010,2018-12-31,Y,도봉구청,02-2091-2991,2019-06-25
I020,01,05,도봉산4길 28-3 우리동네커피집 앞,서울특별시 도봉구 도봉산4길 28-3,,37.6888571,127.0426547,03,Y,N,N,,2010,2018-12-31,Y,도봉구청,02-2091-2991,2019-06-25
I021,01,05,덕릉로54길 14,서울특별시 도봉구 덕릉로54길 14,,37.6373017,127.0379392,03,Y,N,N,,2010,2018-12-31,Y,도봉구청,02-2091-2991,2019-06-25
I022,01,05,노해로63가길 23,서울특별시 도봉구 노해로63가길 23,,37.6537096,127.0449431,03,Y,N,N,,2010,2018-12-31,Y,도봉구청,02-2091-2991,2019-06-25
I023,01,05,도봉로109길 7,서울특별시 도봉구 도봉로109길 7,,37.6465481,127.0327615,03,Y,N,N,,2010,2018-12-31,Y,도봉구청,02-2091-2991,2019-06-25
"재난011",01,05,도봉로177길 114,서울특별시 도봉구 도봉로177길 114,,37.6849361,127.041908,03,Y,N,N,,2016,2018-12-31,Y,도봉구청,02-2091-2991,2019-06-25
"재난012",01,05,도봉로177길 54,서울특별시 도봉구 도봉로177길 54,,37.6828728,127.0440172,03,Y,N,N,,2016,2018-12-31,Y,도봉구청,02-2091-2991,2019-06-25
V401,01,05,노해로 279-8,서울특별시 도봉구 노해로 279-8,,37.6519341,127.0394469,03,Y,N,N,,2017,2018-12-31,Y,도봉구청,02-2091-2991,2019-06-25
V402,01,05,도봉로 136다길 26-1,서울특별시 도봉구 도봉로 136다길 26-1,,37.6604543,127.0427928,03,Y,N,N,,2017,2018-12-31,Y,도봉구청,02-2091-2991,2019-06-25
V301,01,05,우이천로44길 45 주변,서울특별시 도봉구 우이천로44길 45,,37.6550195,127.0184661,03,Y,N,N,,2017,2018-12-31,Y,도봉구청,02-2091-2991,2019-06-25
V201,01,05,도봉로 149길 11,서울특별시 도봉구 도봉로 149길 11,,37.6659819,127.0422073,03,Y,N,N,,2017,2018-12-31,Y,도봉구청,02-2091-2991,2019-06-25
V202,01,05,방학로 2가길 10,서울특별시 도봉구 방학로 2가길 10,,37.6656854,127.0403205,03,Y,N,N,,2017,2018-12-31,Y,도봉구청,02-2091-2991,2019-06-25
V203,01,05,마들로 605 도봉청소년독서실앞,서울특별시 도봉구 마들로 605,,37.6639988,127.0461091,03,Y,N,N,,2017,2018-12-31,Y,도봉구청,02-2091-2991,2019-06-25
V204,01,05,도당로 15길 33,서울특별시 도봉구 도당로 15길 33,,37.6667393,127.0357492,03,Y,N,N,,2017,2018-12-31,Y,도봉구청,02-2091-2991,2019-06-25
V205,01,05,도당로 13다길 7,서울특별시 도봉구 도당로 13다길 7,,37.66619485,127.0339616,03,Y,N,N,,2017,2018-12-31,Y,도봉구청,02-2091-2991,2019-06-25
V104,01,05,도봉로 173 나길 13,서울특별시 도봉구 도봉로 173 나길 13,,37.67954213,127.039205,03,Y,N,N,,2017,2018-12-31,Y,도봉구청,02-2091-2991,2019-06-25
V302,01,05,도봉로 123길 26,서울특별시 도봉구 도봉로 123길 26,,37.6530439,127.0355569,03,Y,N,N,,2017,2018-12-31,Y,도봉구청,02-2091-2991,2019-06-25
V303,01,05,해등로 17길 20,서울특별시 도봉구 해등로 17길 20,,37.6561922,127.0379992,03,Y,N,N,,2017,2018-12-31,Y,도봉구청,02-2091-2991,2019-06-25
V111,01,05,도봉로 169길 266-26,서울특별시 도봉구 도봉로 169길 266-26,,37.677274,127.0314047,03,Y,N,N,,2017,2018-12-31,Y,도봉구청,02-2091-2991,2019-06-25
V114,01,05,도봉로169길 416 성신여대생활관,서울특별시 도봉구 도봉로169길 416,,37.6752901,127.023391,03,Y,N,N,,2017,2018-12-31,Y,도봉구청,02-2091-2991,2019-06-25
V122,01,05,도봉로 173 가길 2주변,서울특별시 도봉구 도봉로 173 가길 2,,37.6793286,127.0406345,03,Y,N,N,,2017,2018-12-31,Y,도봉구청,02-2091-2991,2019-06-25
V222,01,05,마들로 581-10 주변,서울특별시 도봉구 마들로 581-10,,37.6623602,127.0460349,03,Y,N,N,,2017,2018-12-31,Y,도봉구청,02-2091-2991,2019-06-25
V414,01,05,창동역 공중화장실,서울특별시 도봉구 마들로 11길 77,,37.6531856,127.0481139,03,Y,N,N,,2017,2018-12-31,Y,도봉구청,02-2091-2991,2019-06-25
V225,01,05,방학동 632-1 (방학로10길 51),서울특별시 도봉구 방학로10길 51,,37.6644829,127.0339637,03,Y,N,N,,2018,2018-12-31,Y,도봉구청,02-2091-2991,2019-06-25
V226,01,05,방학동 613-4 (시루봉로13길 25),서울특별시 도봉구 시루봉로13길 25,,37.667365,127.0310711,03,Y,N,N,,2018,2018-12-31,Y,도봉구청,02-2091-2991,2019-06-25
V227,01,05,방학동 521-2 (해등로 312),서울특별시 도봉구 해등로 312,,37.657568,127.0216682,03,Y,N,N,,2018,2018-12-31,Y,도봉구청,02-2091-2991,2019-06-25
V228,01,05,방학동 521-9 (해등로 312-10),서울특별시 도봉구 해등로 312-10,,37.6576312,127.0214600,03,Y,N,N,,2018,2018-12-31,Y,도봉구청,02-2091-2991,2019-06-25
V326,01,05,쌍문동 152-11 일대 (도봉로127길 43-10),서울특별시 도봉구 도봉로127길 43-10,,37.6542097,127.0348731,03,Y,N,N,,2018,2018-12-31,Y,도봉구청,02-2091-2991,2019-06-25
V327,01,05,쌍문동 361-14 (우이천로 372-3),서울특별시 도봉구 우이천로 372-3,,37.6489932,127.0233298,03,Y,N,N,,2018,2018-12-31,Y,도봉구청,02-2091-2991,2019-06-25
V328,01,05,쌍문동 산 80-1 (시루봉로2길 34),서울특별시 도봉구 시루봉로2길 34,,37.6541919,127.0290879,03,Y,N,N,,2018,2018-12-31,Y,도봉구청,02-2091-2991,2019-06-25
V330,01,05,쌍문동 423-94 (삼양로142길 7),서울특별시 도봉구 삼양로142길 7,,37.6505597,127.0137516,03,Y,N,N,,2018,2018-12-31,Y,도봉구청,02-2091-2991,2019-06-25
V331,01,05,쌍문동 533 (삼양로162가길 72),서울특별시 도봉구 삼양로162가길 72,,37.6612156,127.0150943,03,Y,N,N,,2018,2018-12-31,Y,도봉구청,02-2091-2991,2019-06-25
V332,01,05,쌍문동 531-10 (삼양로162길 51-11),서울특별시 도봉구 삼양로162길 51-11,,37.6580786,127.0164311,03,Y,N,N,,2018,2018-12-31,Y,도봉구청,02-2091-2991,2019-06-25
V333,01,05,쌍문1동 531-27 (해등로36길 13-16),서울특별시 도봉구 해등로36길 13-16,,37.6589263,127.0154419,03,Y,N,N,,2018,2018-12-31,Y,도봉구청,02-2091-2991,2019-06-25
V334,01,05,쌍문동 470-1 (우이천로42가길 18),서울특별시 도봉구 우이천로42가길 18,,37.6537615,127.017797,03,Y,N,N,,2018,2018-12-31,Y,도봉구청,02-2091-2991,2019-06-25
V335,01,05,쌍문동 460-158 (우이천로 38나길 46),서울특별시 도봉구 우이천로 38나길 46,,37.6526343,127.0218055,03,Y,N,N,,2018,2018-12-31,Y,도봉구청,02-2091-2991,2019-06-25
V336,01,05,쌍문동 420-47일대 (우이천로39길 80),서울특별시 도봉구 우이천로39길 80,,37.64896453,127.0169882,03,Y,N,N,,2018,2018-12-31,Y,도봉구청,02-2091-2991,2019-06-25
V338,01,05,쌍문동 524-52일대 (해등로 339-3),서울특별시 도봉구 해등로 339-3,,37.6571195,127.0185461,03,Y,N,N,,2018,2018-12-31,Y,도봉구청,02-2091-2991,2019-06-25
V340,01,05,쌍문동 345-3 (우이천로 30길 34),서울특별시 도봉구 우이천로 30길 34,,37.6488346,127.0262692,03,Y,N,N,,2018,2018-12-31,Y,도봉구청,02-2091-2991,2019-06-25
V341,01,05,쌍문동 414-227 (우이천로39길 11-7),서울특별시 도봉구 우이천로39길 11-7,,37.6495564,127.0202956,03,Y,N,N,,2018,2018-12-31,Y,도봉구청,02-2091-2991,2019-06-25
V342,01,05,쌍문동 472-8 (우이천로 42가길 12),서울특별시 도봉구 우이천로 42가길 12,,37.6536300,127.0175891,03,Y,N,N,,2018,2018-12-31,Y,도봉구청,02-2091-2991,2019-06-25
V344,01,05,쌍문동 478-25 (우이천로48길 83),서울특별시 도봉구 우이천로48길 83,,37.6545602,127.0193629,03,Y,N,N,,2018,2018-12-31,Y,도봉구청,02-2091-2991,2019-06-25
V345,01,05,쌍문동 533-42 (삼양로162가길 42-5),서울특별시 도봉구 삼양로162가길 42-5,,37.66058746,127.0150687,03,Y,N,N,,2018,2018-12-31,Y,도봉구청,02-2091-2991,2019-06-25
V346,01,05,쌍문동 120-55 (노해로54길 35),서울특별시 도봉구 노해로54길 35,,37.6493144,127.0315811,03,Y,N,N,,2018,2018-12-31,Y,도봉구청,02-2091-2991,2019-06-25
V347,01,05,쌍문동 103-144 (도봉로 103길 33),서울특별시 도봉구 도봉로 103길 33,,37.6449641,127.0304568,03,Y,N,N,,2018,2018-12-31,Y,도봉구청,02-2091-2991,2019-06-25
V348,01,05,쌍문동 139-51 (도봉로117길 68),서울특별시 도봉구 도봉로117길 68,,37.6497118,127.0312461,03,Y,N,N,,2018,2018-12-31,Y,도봉구청,02-2091-2991,2019-06-25
V349,01,05,쌍문동 138-108 (도봉로117길 42-7),서울특별시 도봉구 도봉로117길 42-7,,37.6500817,127.0324029,03,Y,N,N,,2018,2018-12-31,Y,도봉구청,02-2091-2991,2019-06-25
V350,01,05,쌍문동 122-86 (도봉로109가길 36),서울특별시 도봉구 도봉로109가길 36,,37.6486369,127.0311411,03,Y,N,N,,2018,2018-12-31,Y,도봉구청,02-2091-2991,2019-06-25
V351,01,05,쌍문동 381-36 (우이천로 335),서울특별시 도봉구 우이천로 335,,37.6465976,127.026193,03,Y,N,N,,2018,2018-12-31,Y,도봉구청,02-2091-2991,2019-06-25
V353,01,05,쌍문동 474-3 (우이천로 446-5),서울특별시 도봉구 우이천로 446-5,,37.6531574,127.0172077,03,Y,N,N,,2018,2018-12-31,Y,도봉구청,02-2091-2991,2019-06-25
V355,01,05,쌍문동 484-13 (우이천로46길 12),서울특별시 도봉구 우이천로46길 12,,37.6551526,127.0162805,03,Y,N,N,,2018,2018-12-31,Y,도봉구청,02-2091-2991,2019-06-25
V417,01,05,창동 601-76 (덕릉로59길 28),서울특별시 도봉구 덕릉로59길 28,,37.6409254,127.0381259,03,Y,N,N,,2018,2018-12-31,Y,도봉구청,02-2091-2991,2019-06-25
V418,01,05,창동 492-51 (덕릉로60타길 11),서울특별시 도봉구 덕릉로60타길 11,,37.6337522,127.0438866,03,Y,N,N,,2018,2018-12-31,Y,도봉구청,02-2091-2991,2019-06-25
V419,01,05,창동 519-7 (우이천로6길 8-1),서울특별시 도봉구 우이천로6길 8-1,,37.63373253,127.0394301,03,Y,N,N,,2018,2018-12-31,Y,도봉구청,02-2091-2991,2019-06-25
V420,01,05,창동 452-65 (덕릉로60바길 16),서울특별시 도봉구 덕릉로60바길 16,,37.6385142,127.0412253,03,Y,N,N,,2018,2018-12-31,Y,도봉구청,02-2091-2991,2019-06-25
V421,01,05,창동 538-22 (덕릉로60마길 5-16),서울특별시 도봉구 덕릉로60마길 5-16,,37.6369957,127.040301,03,Y,N,N,,2018,2018-12-31,Y,도봉구청,02-2091-2991,2019-06-25
V422,01,05,창동 548-12 (우이천로12길 15),서울특별시 도봉구 우이천로12길 15,,37.6359237,127.0390005,03,Y,N,N,,2018,2018-12-31,Y,도봉구청,02-2091-2991,2019-06-25
V423,01,05,창동 61-3 (노해로66길 111),서울특별시 도봉구 노해로66길 111,,37.6464553,127.0488367,03,Y,N,N,,2018,2018-12-31,Y,도봉구청,02-2091-2991,2019-06-25
V424,01,05,창동 378 맞은편 (덕릉로 325),서울특별시 도봉구 덕릉로 325,,37.6447169,127.0452226,03,Y,N,N,,2018,2018-12-31,Y,도봉구청,02-2091-2991,2019-06-25
V425,01,05,창3동 502-33 (우이천로4길 24-5),서울특별시 도봉구 우이천로4길 24-5,,37.6335062,127.0411015,03,Y,N,N,,2018,2018-12-31,Y,도봉구청,02-2091-2991,2019-06-25
V426,01,05,창동 563-12 (덕릉로60길 30-7),서울특별시 도봉구 덕릉로60길 30-7,,37.638698,127.0397896,03,Y,N,N,,2018,2018-12-31,Y,도봉구청,02-2091-2991,2019-06-25
V427,01,05,창동 700-61 (노해로61길 18),서울특별시 도봉구 노해로61길 18,,37.6521925,127.0379908,03,Y,N,N,,2018,2018-12-31,Y,도봉구청,02-2091-2991,2019-06-25
V428,01,05,창동 661-10 (도봉로110나길 79),서울특별시 도봉구 도봉로110나길 79,,37.6495977,127.036023,03,Y,N,N,,2018,2018-12-31,Y,도봉구청,02-2091-2991,2019-06-25
V429,01,05,창동 691-13 (노해로 279-32),서울특별시 도봉구 노해로 279-32,,37.6521882,127.0395638,03,Y,N,N,,2018,2018-12-31,Y,도봉구청,02-2091-2991,2019-06-25
V430,01,05,창동 700-69 (노해로 267-12),서울특별시 도봉구 노해로 267-12,,37.6519851,127.0381906,03,Y,N,N,,2018,2018-12-31,Y,도봉구청,02-2091-2991,2019-06-25
V431,01,05,창동 산 159-1 일대 (노해로66길 98-118),서울특별시 도봉구 노해로66길 98-118,,37.64746445,127.0467755,03,Y,N,N,,2018,2018-12-31,Y,도봉구청,02-2091-2991,2019-06-25
V432,01,05,창동 산 159-1 일대 (노해로66길 98-118),서울특별시 도봉구 노해로66길 98-118,,37.64746445,127.0467755,03,Y,N,N,,2018,2018-12-31,Y,도봉구청,02-2091-2991,2019-06-25
V433,01,05,창동 828 인근 (도봉로110다길 38),서울특별시 도봉구 도봉로110다길 38,,37.6445774,127.0330805,03,Y,N,N,,2018,2018-12-31,Y,도봉구청,02-2091-2991,2019-06-25
V434,01,05,창동 593-9 (덕릉로63가길 60),서울특별시 도봉구 덕릉로63가길 60,,37.6429703,127.0370865,03,Y,N,N,,2018,2018-12-31,Y,도봉구청,02-2091-2991,2019-06-25
V124,01,05,도봉동 573-6 (도봉로181길 91),서울특별시 도봉구 도봉로181길 91,,37.685757,127.0413567,03,Y,N,N,,2018,2018-12-31,Y,도봉구청,02-2091-2991,2019-06-25
V125,01,05,도봉동 585-4 (도봉로173길 20),서울특별시 도봉구 도봉로173길 20,,37.6802972,127.0424098,03,Y,N,N,,2018,2018-12-31,Y,도봉구청,02-2091-2991,2019-06-25
V126,01,05,도봉동 576-12(도봉로177길 94-12),서울특별시 도봉구 도봉로177길 94-12,,37.68425842,127.0427672,03,Y,N,N,,2018,2018-12-31,Y,도봉구청,02-2091-2991,2019-06-25
V127,01,05,도봉동 579-10 (도봉로169가길 45-8),서울특별시 도봉구 도봉로169가길 45-8,,37.6818561,127.0429782,03,Y,N,N,,2018,2018-12-31,Y,도봉구청,02-2091-2991,2019-06-25
V128,01,05,도봉동 582-11 (도봉로177길 19),서울특별시 도봉구 도봉로177길 19,,37.681429,127.0445334,03,Y,N,N,,2018,2018-12-31,Y,도봉구청,02-2091-2991,2019-06-25
V233,01,05,방학동 713-35 (방학로 54),서울특별시 도봉구 방학로 54,,37.6629348,127.0463381,03,Y,N,N,,2018,2018-12-31,Y,도봉구청,02-2091-2991,2019-06-25
V437,01,05,창동 743-24 (마들로 542),서울특별시 도봉구 마들로 542,,37.6600397,127.0504666,03,Y,N,N,,2018,2018-12-31,Y,도봉구청,02-2091-2991,2019-06-25
V234,01,05,방학동 724-2 (마들로 584),서울특별시 도봉구 마들로 584,,37.6622055,127.0469719,03,Y,N,N,,2018,2018-12-31,Y,도봉구청,02-2091-2991,2019-06-25
V129,01,05,도봉동 654 (도봉로180길 6-23),서울특별시 도봉구 도봉로180길 6-23,,37.68192507,127.0470103,03,Y,N,N,,2018,2018-12-31,Y,도봉구청,02-2091-2991,2019-06-25
